Ingredient - Group ID,Ingredient - Group Name,CATEGORY,# of Synonyms /Sources,Synonyms/Sources,# of Products,# of NHANES Products
1336,D-Aspartic Acid,Amino Acid,4,"""D Aspartic Acid"";""D-Aspartic Acid"";""DAA"";""Sodium D-Aspartic Acid""",19,0
1365,D-Mannose,Carbohydrate,2,"""D-Mannose"";""Natural D-Mannose""",21,0
1367,D-Pinitol,Enzyme,2,"""D-Chiro-Inositol"";""D-Pinitol""",29,0
712,D-Ribose,Other,2,"""D-Ribose powder"";""Ribose""",24,1
2780,Daidzein,chemical,4,"""Daidzein"";""Daidzin"";""Daidzin & Daidzein"";""Daidzin and Daidzein""",27,1
1338,Dairy,Other,1,"""Digestive Resistant Maltodextrin""",5,0
191,Damiana,Botanical,24,"""Damania"";""Damiana"";""Damiana (leaf) 4:1 concentrate"";""Damiana (leaf) extract"";""Damiana (Turnera diffusa var. aphrodisiaca) (leaf) extract"";""Damiana (Turnera diffusa var. aphrodisiaca) aerial parts extract"";""Damiana (Turnera diffusa) extract"";""Damiana (Turnera diffusa) leaf extract"";""Damiana (Turnera diffusa) powder"";""Damiana 4:1 leaf extract"";""Damiana ext"";""Damiana extract"";""Damiana flower extract"";""Damiana flowering herb (Turnera diffusa) extract"";""Damiana leaf extract"";""Damiana leaf powder"";""Damiana liquid extract"";""Damiana powder"";""Damiana standardized extract"";""dried Damiana herb extract"";""ethically wild harvested Damiana"";""organic Damiana"";""organic Damiana leaf extract"";""Turnera diffusa var. Aphrodisiaca (leaf) Extract""",256,11
123,Dandelion,Botanical,79,"""certified organic Dandelion"";""certified organic fresh Dandelion"";""concentrated extract of Dandelion"";""Dandelion"";""Dandelion (entire plant) (fresh) extract"";""Dandelion (leaf) extract"";""Dandelion (root) ext."";""Dandelion (root) extract"";""Dandelion (root) powder"";""Dandelion (Taraxacum officinale) extract"";""Dandelion (Taraxacum officinale) leaf extract"";""Dandelion (Taraxacum officinale) powder"";""Dandelion (Taraxacum officinale) root 5:1 extract"";""Dandelion (Taraxacum officinale) root extract"";""Dandelion (Taraxacum officinale) root Mexican extract"";""Dandelion (Taraxacum officinale) root powder"";""Dandelion (Taraxacum officinalis) leaf powder"";""Dandelion (Taraxacum officinalis) root extract"";""Dandelion (whole plant) extract"";""Dandelion 4:1 extract"";""Dandelion ext."";""Dandelion extract"";""Dandelion Greens"";""Dandelion greens powder"";""Dandelion herb extract"";""Dandelion Leaf"";""Dandelion Leaf (Traxacum officinale) Extract"";""Dandelion leaf and root extract"";""Dandelion leaf extract"";""Dandelion leaf juice"";""Dandelion leaf powd""",1209,44
1252,Danshen,Botanical,10,"""Chinese Salvia"";""Chinese Salvia (dan shen) extract"";""Dan Shen"";""Dan Shen (Salvia miltiorrhiza) extract"";""Red Sage powder"";""Red Sage root (Salvia officinalis) extract"";""Salvia Miltiarrhiza"";""Salvia miltiorrhiza"";""Salvia root"";""Tashozine""",17,0
1597,Date Palm,Botanical,7,"""Date"";""Date Palm"";""Date Palm extract"";""Date powder"";""Date seed extract"";""Dates"";""powdered Dates""",39,1
2068,Daylily,Botanical,2,"""Hemerocallis fulva (flower) extract"";""Hemerocallis fulva (flower) heat concentrated extract""",4,1
1303,Deanol,Chemical,15,"""2-Dimethylaminoethanol"";""Beta-hydroxyethyldimethylamine"";""Deanol Bitartrate"";""DiMethyl Amino Ethanol"";""Dimethylaminoethanol"";""Dimethylaminoethanol Bitartrate"";""Dimethylethanolamine"";""Dimethylethanolamine DL-Bitartrate"";""DMAE"";""DMAE (2-Dimethylaminoethanol) Bitartrate"";""DMAE (Dimethylaminoethanol) Bitartrate"";""DMAE 2-Dimethylaminoethanol Bitartrate"";""DMAE Bitartrate"";""DMAE L-Bitartrate"";""DMAE-bitartrate""",341,14
549,Deer Velvet,Animal Part or Source,14,"""Antler Velvet"";""Deer Antler"";""Deer Antler extract"";""Deer Antler sediment"";""Deer Antler Velvet"";""Deer Antler Velvet extract"";""Deer Velvet Antler extract"";""Deer Velvet extract"";""Imperial Velvet Antler"";""Lu Rong"";""New Zealand Deer Antler Velvet"";""Velvet"";""Velvet Antler"";""Velvet Deer Antler""",53,3
1339,Dehydrochloric Acid,Enzyme,1,"""Dehydrocholic Acid""",2,0
3468,Delphinidin,chemical,1,"""Delphinidins""",14,0
2234,Dendrobium,Botanical,9,"""Dendrobex"";""Dendrobium"";""Dendrobium extract"";""Dendrobium extract powder"";""Dendrobium Nobile"";""Dendrobium nobile (stem) concentrate"";""Dendrobium nobile extract"";""DN1000(TM)"";""Noble Orchid (Dendrobium nobile) stem extract""",39,2
3023,Dense Fruit Dittany,botanical,1,"""Dictamnus dasycarpus""",3,0
2532,Desert Broomrape,botanical,2,"""Cistanche deserticola (stem) extract"";""Desert Broomrape""",2,0
2029,Desmodium,Botanical,3,"""Coin-Leaf Desmodium"";""Desmodium"";""Sarivan""",8,0
3613,Desmodium gangeticum,botanical,1,"""Shalaparni""",2,0
1044,Desmodium molliculum,Botanical,1,"""Desmodium molliculum leaf extract""",2,0
2863,Desoxydiosgenin,chemical,1,"""Desoxydiosgenin""",1,0
52,Devil's Claw ,Botanical,28,"""CLA Pro-Cut Blend"";""Devil's Claw"";""Devil's Claw (Harpagophytum procumbens and Harpagophytum zeyheri) extract"";""Devil's Claw (Harpagophytum procumbens) extract"";""Devil's Claw (Harpagophytum procumbens) root extract"";""Devil's Claw (Harpagophytum procumbens, Harpagophytum zeyheri) root extract"";""Devil's Claw 6:1 extract"";""Devil's Claw extract"";""Devil's Claw herbal extract"";""Devil's Claw powder"";""Devil's Claw root extract"";""Devil's Claw root powder"";""Devil's Claw secondary tuber (Harpagophytum spp.) extract"";""Devil's Horsewhip"";""Devils Claw"";""Devil?s Claw"";""Devil?s Claw (Harpagophytum procumbens and Harpagophytum zeyheri) extract"";""Devil?s Claw (Harpagophytum procumbens) root extract"";""Devil?s Claw (Harpagophytum procumbens, Harpagophytum zeyheri) root extract"";""Devil?s Claw (root) extract"";""Devil?s Claw (root) powder"";""Devil?s Claw extract"";""dried Devil's Claw tuber extract"";""Harpagophytum procumbens extract"";""Harpagoside"";""organic Devil's Claw"";""organic Devil's Claw root powder"";""selectively impor""",149,4
2183,Devil's Club,Botanical,6,"""Devil's Club"";""Devil's Club extract"";""Devil's Club root bark (Oplopanax horridus) extract"";""Devil's Club root bark extract"";""dried Devil's Club root bark extract"";""fresh Devil's Club""",12,0
1342,Dextran,Polysaccharide,1,"""Dextran""",4,0
463,Dextrin,Carbohydrate,5,"""Cluster Dextrin"";""high branched cyclic Dextrin"";""highly branched cyclic Dextrin"";""highly branched cylic Dextrin"";""Rice Oligodextrin""",61,0
3136,Dextrin (unspecified),carbohydrate,1,"""Dextrin""",36,0
1344,Dextrose,Carbohydrate,1,"""Dextrose""",17,0
1010,DHA (Docosahexaenoic Acid),fatty acid,47,"""12% DHA"";""22:6 - DHA"";""337.5 mg DHA"";""Algal DHA"";""and 220 mg DHA"";""and 220 mg of DHA"";""and 280mg of DHA"";""and 50 mg DHA"";""and DHA"";""as Docosahexaenoic Acid"";""Calamarine DHA Omega-3 concentrate"";""DHA"";""DHA (C22:6n-3) as TG"";""DHA - omega-3"";""DHA Algal Oil"";""DHA Concentrate"";""DHA Docosahexaenoic acid"";""DHA Oil 70%"";""DHA Omega 3 Blend"";""DHA powder"";""DHA rich Oil"";""DHA-Docosahexaenoic Acid"";""Docasahexaenoic Acid"";""Doconexent"";""Docosahexaenoic"";""Docosahexaenoic Acid"";""Docosahexaenoic Acid concentrate"";""Docosahexanoic Acid"";""Docosahexenoic Acid"";""Docosapentaenoic Acid"";""Docosapentaenoic {Acid}"";""Docosenoic Acid"";""Esolv Omega H2O DHA Powder"";""Life's DHA(TM) DHA"";""life'sDHA"";""life'sDHA DHA"";""life'sDHA Oil"";""life'sDHA(TM)"";""life?s DHA"";""Omega-3 (DHA) Docosahexaenoic Acid"";""Omega-3 DHA"";""Omega-3 Docosahexaenoic Acid"";""Provides DHA"";""Providing 660 mg DHA"";""Pure Docosahexaenoic Acid"";""Total DHA"";""typical DHA""",2472,280
1345,DHB,Chemical,1,"""DHB""",1,0
408,DHEA,Other,21,"""3, Beta-Hydroxy-Etioallocholan-5-Ene-17-On"";""3,7 Keto DHEA"";""3-Beta-Hydroxy-5-Androsten-17-One"";""3-Beta-Hydroxyetioallocholan-5-ene-17"";""3-Beta-Hydroxyetioallocholan-5-Ene-17-One"";""3b-hydroxy-androsta-1,4,6-triene-17-one"";""3b-hydroxy-androsta-4,6-diene-17-one"";""3Beta-Hydroxyandrost-5-Ene-17-One"";""7-KETO"";""7-Keto DHEA"";""99% DHEA"";""Androstenolone"";""Androstenolone Acetate"";""Dehydroepiandrosterone"";""DHEA"";""DHEA 3{beta}-Hydroxy-5-Androsten-17-one"";""DHEA Acetate"";""micronized DHEA"";""Prasterone decanoate"";""Prasterone isocaproate"";""Prasterone propionate""",299,12
1354,di-glycerides,Fatty Acid,1,"""Diglycerides""",1,0
1347,Diacylglycerol,Botanical,1,"""Diacylglycerol Oil""",1,0
2432,Diamine Oxidase,enzyme,1,"""Diamine Oxidase""",4,0
2428,Diastase (unspecified),enzyme,3,"""Diastase"";""Diastase powder"";""Malt Diastase""",157,5
1348,Diatase,Enzyme,2,"""Diastase"";""Diastase Malt""",9,0
1736,Diatomaceous Earth,Other,2,"""Diatomaceous Earth"";""Foodgrade Diatomaceous Earth""",2,0
1612,Dibencozide,Vitamin,6,"""100 mcg as Adenosylcobalamin"";""50 mcg as Adenosylcobalamin"";""Adenosylcobalamin"";""as Adenosylcobalamin"";""CoEnzyme B12"";""Dibencozide""",15,0
1351,Dicentra formosa,Botanical,2,"""Dicentra formosa"";""infusions of flowers of Dicentra formosa""",3,0
2614,Digestion resistant Maltodextrin,fiber,6,"""Fibersol 2"";""Fibersol II"";""Fibersol-2"";""Fibersol-2 Fiber"";""Fibersol-2 prebiotic dextrin fiber"";""Soluble Fiber""",18,1
1346,Diindolylmethane,Chemical,13,"""3,3'-Diindolylmethane"";""BioResponse DIM"";""Di Indole Methane"";""Di-Indolyl Methane (DIM) Complex"";""Di-Indolylmethane"";""Diindolemethane"";""Diindolyl Methane"";""Diindolylmethane"";""Diindolymethane"";""DIM"";""Dindoyl Methane"";""Indolplex Diindolylmethane (BR-DIM) Complex"";""standardized to contain 25% Diindolylmethane""",200,4
1350,Diiodothyroacetic Acid,Chemical,1,"""Dicana""",1,0
3360,Diiodothyronine,chemical,3,"""3,3 Diiodo-L-Thyronine"";""3,5-Diiodo-L-Thyronine"";""T2 3,5-Diiodo-L-Thyronine""",5,0
3527,diiodotyrosine,chemical,1,"""Diiodotyrosine""",5,1
1355,Dill,Botanical,7,"""Dill"";""Dill extract"";""Dill seed extract"";""Dill Weed extract"";""Dillweed extract"";""infusion (1:6000) of Anethum graveolens"";""organic Dill Essential Oil""",40,4
190,DIM,Other,3,"""BioResponse-DIM Complex"";""Diindolylmethane"";""DIM(R)""",7,0
1227,Dimethylamylamine,Chemical,15,"""1,3 Dimethylamylamine"";""1,3 Dimethylamylamine HCl"";""1,3 DMAA"";""1,3-Dimethylamylamine"";""1,3-Dimethylamylamine HCl"";""1,3-Dimethylpentylaimine Hydrochloride"";""1,3-dimethylpentylamine HCl"";""4-Methyl-2-Hexanamine"";""DMAE"";""DMAE Bitartrate"";""Geranamine"";""Geranium Surge"";""Methylhexanamine"";""Methylhexanamine HCl"";""Supra-Amine Apple geranium""",58,2
1719,Dimethylglycine,Amino Acid,6,"""Dimethylglycine"";""DMG"";""N, N-Dimethylglycine"";""N,N-Dimethylglycine"";""N,N-Dimethylglycine HCl"";""N-Dimethylglycine""",25,0
1358,Dimorphandra mollis,Botanical,1,"""Dimorphandra mollis""",1,0
1359,Dionaea muscipula,Botanical,2,"""Dionaea muscipula extract"";""Dionea (Venus Fly Trap) Extract""",4,0
3022,Dioscorea collettii vs. hypoglauca,botanical,1,"""Dioscorea hypoglauca""",4,0
1360,Diosgenin,Chemical,1,"""Diosgenin""",2,0
226,Diosmin,Botanical,3,"""Diosmin"";""DiosVein Diosmin EP"";""micronized Diosmin""",12,1
3723,Dipeptidyl peptidase (IV),enzyme,1,"""Dipeptidyl-peptidase IV""",1,0
1720,Dipeptidyl peptidase 4,Enzyme,4,"""Dipeptidyl-Peptidase IV"";""Dipeptidylpeptidase IV activity"";""DPP IV"";""DPP-IV""",18,0
1361,Diplocyclos palmatus,Botanical,1,"""Diplocyclos palmatus""",1,0
1362,Dipsacus asperloids,Botanical,1,"""Dipsacus""",1,0
1363,Dissolved Oxygen,Chemical,1,"""Dissolved Oxygen""",4,1
1971,Divanillyltetrahydofuran,Chemical,1,"""3,4-Divanillyltetrahydrofuran""",1,0
746,DIVI-DIVI,Botanical,3,"""Bonduc"";""Bonduc extract"";""Caesalpinia crista seed extract""",3,0
2161,Diviner's Sage,Botanical,1,"""Salvia""",9,1
56,DL-Methionine,Amino Acid,2,"""DL-Methionine"";""DL-Methionine FCC""",89,4
2742,DL-phenylalanine,amino acid,2,"""DL-Phenylalanine"";""DLPA""",122,2
409,DMG (Dimethylglycine),Amino Acid,12,"""Dimethyglycine"";""Dimethyl Glycine"";""Dimethyl Glycine HCl"";""Dimethylglycine"";""Dimethylglycine HCl"";""Dimethylglycine Hydrochloride"";""DMG"";""DMG HCl"";""N, N-Dimethyl Glycine"";""N, N-Dimethylglycine"";""N,N-Dimethyl Glycine"";""N,N-Dimethylglycine""",71,2
1366,DMSA,Chemical,1,"""from 100 mg DMSA""",1,0
3526,DNA,chemical,1,"""DNA""",26,0
2178,Docosapentaenoic acid,Fatty Acid,7,"""as Docosapentaenoic Acid"";""DHA"";""Docosahexaenoic Acid"";""Docosapentaenoic Acid"";""DPA"";""Total DHA"";""Typical DPA""",59,2
3169,Docusate Sodium,chemical,1,"""Docusate Sodium""",26,5
1267,Dodder,Botanical,6,"""Chinese Dodder"";""Chinese Dodder seed extract"";""Cuscuta"";""Cuscuta chinensis"";""Dodder"";""Dodder seed extract""",32,1
2707,Dog Rose,botanical,12,"""Dog Rose"";""Dog Rose (Rosa canina) Hips"";""Dog Rose (Rosa canina) young shoot extract"";""organic raw Rose Hip"";""organic Rose Hip"";""organic Rose Hips"";""Rosa canina"";""Rose (Rosa canina) Hips"";""Rose Hip"";""Rose Hips"";""Rose Hips (Rosa canina) fruit powder"";""Rosehips""",190,8
2708,Dogwood (unspecified),botanical,4,"""Asiatic Dogwood berry extract"";""Asiatic Dogwood fruit extract"";""Dogwood"";""French Boxwood""",9,0
2815,Dolichos (unspecified),botanical,1,"""Dolichos biflorus (seed) extract""",3,0
1574,Dolomite,TBD,1,"""Dolomite""",2,0
58,Dong Quai,Botanical,40,"""Angelica sinensis"";""Angelica sinensis extract"";""Angelica sinensis root extract"";""Angelica sinesis extract"";""Chinese Angelica"";""Dang Gui"";""Dang Gui Shen"";""Don Quai"";""Dong Qua 4:1 extract"";""Dong Quai"";""Dong Quai (Angelica sinensis) 4:1 root extract"";""Dong Quai (Angelica sinensis) root extract"";""Dong Quai (Angelica sinensis) root std. extract"";""Dong Quai (root) 4:1 extract"";""Dong Quai (root) extract"";""Dong Quai 1% extract"";""Dong Quai ext"";""Dong Quai extract"";""Dong Quai Herbal Extract"";""Dong Quai powder"";""Dong Quai Root"";""Dong Quai root 10:1 extract"";""Dong Quai root exrtract"";""Dong quai root extract"";""Dong Quai root extract and powder"";""Dong Quai root powder"";""Dong Quai root powder extract"";""Dong Quai root without rootlet (Angelica sinensis) extract"";""Dong Quai [root] 4:1 extract"";""Dong-Quai"";""dried Dong Quai root extract"";""organic Dong Quai"";""organic Dong Quai root powder"";""organic Dong Quai [root] 4:1 extract"";""organic Dong-Quai"";""raw Dong Quai powder"";""selectively imported Dong Quai"";""standardized Dong Quai ex""",519,15
2957,Douglas Iris,botanical,1,"""infusion (1:6000) of Iris douglasiana""",2,0
2007,Dragon's Blood,Botanical,3,"""Daemonorops draco"";""Dragon's Blood"";""Dragon's Blood tree sap (Croton lechleri) succus""",4,0
2282,Drumstick Tree,botanical,1,"""Moringa""",3,0
287,Dry Milk,Animal Part or Source,1,"""nonfat dry milk""",1,0
1369,Drynaria,Botanical,2,"""Drynaria"";""Drynaria fortunei""",11,1
3520,Duckweed Protein,protein,1,"""Water Lentil (whole Lemnaceae) Protein powder""",4,0
710,Dulse,Botanical,13,"""Dulse"";""Dulse (Palmaria palmata) frond granules"";""Dulse algae"";""Dulse Leaf Extract"";""Dulse powder"";""Dulse seaweed powder"";""Nova Scotia Dulce leaf powder"";""Nova Scotia Dulse"";""organic certified Dulse"";""organic Dulse"";""Organic Dulse Powder"";""Purple Dulse"";""Red Dulse powder""",140,7
420,Dunaliella,Other,4,"""Dunalielia"";""Dunaliella"";""Dunaliella salina"";""organic Dunalielia salina""",25,0
1337,Dunaliella salina,Botanical,6,"""D. Salina natural mixed carotenoids"";""Dunaliella extract"";""Dunaliella salina"";""Dunaliella salina carotenoid extract"";""Marine Phytoplankton"";""organic Dunaliella salina extract""",18,1
1371,Duodenal Substance,Animal Part or Source,3,"""Duodenal Substance"";""Raw Duodenum"";""Raw Duodenum Concentrate""",5,0
1721,Duodenum,Animal Part or Source,5,"""Duodenum"";""Duodenum Concentrate"";""Duodenum Substance"";""Neonatal Duodenum"";""Porcine Duodenum""",28,2
3184,Dwarf Bilberry,botanical,2,"""Vaccinium cespitosum"";""Vaccinium cespitosum Michx.""",3,0
3038,Dwarf lilyturf,botanical,4,"""Ophiopogan"";""Ophiopogon"";""Ophiopogon extract"";""Ophiopogon japonicus""",36,0
2716,Dwarf Morning Glory,botanical,6,"""Dwarf Morning Glory"";""Dwarf-Morning Glory"";""Dwarf-Morning Glory extract"";""organic Dwarf Morning Glory"";""Shankhapushpi"";""Shankhapushpi herb powder""",8,0
277,Dymethazine,Chemical,4,"""17b-hyrdoxy-2a,17b-dimethyl-5a-androstan-3-one-azine"";""17beta-hydroxy 2alpha,17beta-dimethyl 5alpha-androstan 3-one azine"";""DMZ"";""Dymethazine""",10,0
1372,Dysprosium,Element,1,"""Dysprosium""",17,1
