Ingredient - Group ID,Ingredient - Group Name,CATEGORY,# of Synonyms /Sources,Synonyms/Sources,# of Products,# of NHANES Products
2726,Oak (unspecified),botanical,2,"""Oak"";""Oak (Quercus robur) bud extract""",7,0
1546,Oak Bark,Botanical,7,"""oak"";""Oak (Quercus pedunculata) bud extract"";""oak bark"";""White Oak"";""White Oak Bark"";""White Oak Bark Powder"";""White Oak extract""",9,1
2553,Oat bran,fiber,7,"""Oat"";""Oat (Avena sativa) Bran"";""Oat Bran"";""organic Oat Bran"";""organic Oat Bran powder"";""organic Oat Grass"";""whole Oat Bran""",27,3
2554,Oat Fiber,fiber,14,"""gluten free Oat Bran"";""gluten free Oat Fiber"";""Nutrim Oat Bran"";""Oat"";""Oat Bran"";""Oat Bran Concentrate"";""Oat Bran Fiber"";""Oat Bran Fiber Blend"";""Oat Fiber"";""Oat Fiber powder"";""Oat Grass"";""organic Oat Fiber"";""soluble Oat Fiber"";""whole Oat Bran powder""",170,5
3692,Oat Oil,fat,1,"""Oat Oil""",1,0
159,Oats,Botanical,116,"""4:1 {Avena sativa} extract"";""Avena sativa"";""Avena sativa (Oat) Extract"";""Avena sativa (oat) tops extract"";""Avena Sativa (whole plant) ext."";""Avena sativa 10:1"";""Avena sativa 10:1 extract"";""Avena Sativa 4:1 Extract"";""Avena sativa ext"";""Avena Sativa extract"";""Beta 1,3/1,6 Glucan"";""dehydrated organic Oat Grass"";""fresh Milky Wild Oat"";""fresh Oat"";""fresh Oat milky seed extract"";""fresh Oats"";""fresh Wild Oat"";""fresh wild Oats"";""gluten free Oat Bran"";""green flowering oat straw"";""Green Oat extract"";""Green Oat Grass"";""Green Oats"";""hydrolyzed Oatmeal Flour"";""Neuravena Wild Green Oat extract"";""Oat"";""Oat ""milky"" seed (Avena sativa) extract"";""Oat (aerial part) (fresh) extract"";""Oat (Avena sativa) aerial parts extract"";""Oat (Avena Sativa) Beta-Glucan Concentrate"";""Oat (Avena sativa) bran"";""oat (Avena sativa) bran fiber"";""Oat (Avena sativa) milky seed extract"";""Oat (Avena sativa) seed extract"";""Oat (Avena sativa) straw extract"";""Oat (straw) (aerial part) extract"";""Oat (straw) extract"";""Oat Beta Glucan Concentrate"";""Oat Beta-""",626,30
545,Octacosanol,TBD,2,"""Octacosanol"";""Octacosanol Complex""",140,6
3406,Octodrine,chemical,1,"""2-Aminoisoheptane""",2,0
2862,Octopamine,chemical,3,"""Octopalean Octopamine HCl"";""Octopamine"";""Octopamine HCl""",27,0
2887,Oil (unspecified),fat,1,"""Brain Octane Oil""",2,0
3699,Oil Palm,botanical,1,"""virgin crude Palm""",1,0
2224,Okra,Botanical,2,"""Abelmoschus esculentus concentrate"";""Okra""",22,2
2092,Oleander,Botanical,1,"""Oleic Acid""",1,0
1800,Oleanolic acid,Chemical,3,"""Oleanic Acid"";""Oleanoic Acid"";""Oleanolic Acid""",4,0
262,Oleic Acid,Fatty Acid,16,"""18:1 ((delta)3) cis-Oleic acid"";""18:1 Oleic Acid"";""190 mg Oleic Acid"";""Healthful Omega 9 Oleic Acid"";""OA"";""Oleate"";""Oleic"";""Oleic Acid"";""Oleic {Acid}"";""oleic {acid} 2.5%"";""Omega-9"";""Omega-9 - Oleic Acid"";""Omega-9 OA"";""Omega-9 Oleic Acid"";""Omega-9- Oleic Acid"";""typical Omega-9""",529,41
2487,Oleuropein,chemical,1,"""Oleuropein""",14,0
1904,Oligofructose,Polysaccharide,1,"""Oligofructose""",2,0
2944,Oligomeric proanthocyanidins,chemical,1,"""Oligomeric Proanthocyanidins""",1,0
2289,Oligosaccharides,fiber,9,"""BioMOS FG"";""Chicory-Oligosaccharides"";""LLife-Oligo"";""organic Tapioca Oligosaccharide"";""organic Tapioca Oligosaccharides"";""PreticX Prebiotic Fiber"";""PreticX Prebiotic Xylooligosaccharide"";""soluble Vegetable Oligosaccharides"";""Xylo oligosaccharide""",16,0
547,Olive ,Botanical,82,"""4:1 {Olive} extract"";""Arthricor Olive extract"";""Autumn Olive fruit extract"";""Benolea Olive (Olea europaea) extract"";""Benolea Olive extract"";""Bonolive"";""certified organic Olive"";""dried Olive leaf extract"";""Emed-OLE(TM) Olive Leaf Extract"";""Hidrox"";""Hidrox(R) Olive extract"";""Hydroxytyrosol"";""Hytolive Olive (Olea europaea l.) extract"";""infusion (1:6000) of Olea europaea"";""Moroccan Olive extract"";""Olea europaea"";""Olea europaea (leaf) extract"";""Olea europaea (olive) leaf extract"";""Olea europaea 3:1"";""Olea europaea extract"";""Olea europaea L"";""Olea europeae (Leaf) extract"";""Olea25 Hydroxytyrosol Olive leaf extract"";""OleaSelect Olive fruit extract"";""OleaSelect(R) Olive fruit extract"";""OleoPein (Olea europaea) leaf extract"";""Oleuropein"";""Oliceutic-20(R)"";""Olilve"";""Olive"";""Olive (fruit) Extract"";""Olive (leaf) extract"";""Olive (leaves) extract"";""Olive (Olea europa) leaf extract"";""Olive (Olea europaea) (leaf) extract"";""Olive (Olea europaea) extract"";""Olive (Olea europaea) leaf and fruit extract"";""Olive (Olea europaea) lea""",604,24
2346,Olive Oil,fat,10,"""extra virgin Olive Oil"";""Fat"";""Olive Oil"";""Olive Oil powder"";""Olive pomace Oil"";""organic cold-pressed extra virgin Tunisian Olive Oil"";""organic extra virgin cold-pressed Olive Oil"";""organic extra virgin Olive Oil"";""organic Olive Oil"";""organic virgin Olive Oil""",68,4
94,Omega-3,Fatty Acid,99,"""1,433 mg of Total Omega-3 Fatty Acids"";""420mg Total Omega-3 Fatty Acids"";""430 mg purified omega-3 fatty acids"";""Additional Omega-3 Essential Fatty Acids"";""Additional Omega-3 Fatty Acids"";""ALA"";""AlaskOmega Omega-3 Concentrate"";""Docosapentaenoic Acid"";""DPA"";""EPA + DHA"";""EPA and DHA Omega-3 Fatty Acids"";""EPA/DHA"";""EPA/DHA - Omega-3 Fatty Acids"";""EPAX(R) Omega 3 Fish Oil"";""high concentration Omega-3 Fish Oil"";""Life'sDHA Omega 3 Fatty Acids"";""long chain omega-3 fatty acids"";""of which EPA & DHA"";""Omega 3"";""Omega 3 EFA's"";""Omega 3 Essential Fatty Acids"";""Omega 3 Fatty Acid"";""Omega 3 Fatty Acids"";""Omega 3 Fatty Acids from Fish Oil"";""Omega 3 Fish Oil"";""Omega 3 powder"";""Omega-3"";""Omega-3 - Alpha Linolenic Acid"";""Omega-3 - Docosahexaenoic Acid"";""Omega-3 - Eicosapentaenoic Acid"";""Omega-3 ALA"";""Omega-3 Alpha Linolenic Acid"";""Omega-3 complex"";""Omega-3 Concentrate"";""Omega-3 DHA"";""Omega-3 Docosahexaenoic Acid"";""Omega-3 EPA"";""Omega-3 EPA & DHA"";""Omega-3 EPA and DHA"";""Omega-3 Essential Fatty Acids"";""Omega-3 fatty acid"";""Omega-""",1664,192
2983,Omega-3 fatty acids,fatty acid,6,"""additional Omega-3 Fatty Acids"";""Omega 3 Fatty Acids"";""Omega-3 Fatty Acids"";""other Omega-3 Fatty Acids"";""Total Omega-3"";""Total Omega-3 Fatty Acids""",96,11
1550,Omega-5,Fatty Acid,4,"""Omega-5"";""Omega-5 Fatty Acids"";""Total Omega 5 Fatty Acids"";""Total Omega-5 Fatty Acids""",5,0
95,Omega-6,Fatty Acid,27,"""267 mg of Total Omega-6 Fatty Acids"";""AA"";""Gamma-Linolenic"";""Omega 6"";""Omega 6 (LA and GLA)"";""Omega 6 Essential Fatty Acids"";""Omega 6 Fatty Acid"";""Omega 6 fatty acids"";""Omega 6 Polyunsaturated Fat"";""Omega-6"";""Omega-6 - Gamma Linolenic Acid"";""Omega-6 Fatty Acids"";""Omega-6 Fatty Acids:"";""Omega-6 Fatty Aicds"";""Omega-6 Gamma Linolenic Acid"";""Omega-6 LA"";""Omega-6 Linoleic Acid"";""Omega-6 Lipids"";""Omega-6 Polyunsaturated Fat"";""Omega-6's"";""Omega-6s"";""other Omega-6 Fatty Acids"";""Other Omega-6s"";""Other {omega}-6 fatty acids"";""Total Omega 6 Fatty Acids"";""Total Omega-6"";""Total Omega-6 Fatty Acids""",365,27
2163,Omega-6 Fatty Acids,Fatty Acid,5,"""Omega 6"";""Omega 6 Fatty Acid"";""Omega-6"";""Omega-6 Fatty Acids"";""providing 140 mg of Total Omega-3 Fatty Acids""",18,3
1551,Omega-7,Fatty Acid,7,"""Omega-7"";""Omega-7 Fatty Acids"";""Palmitoleic Acid"";""Provinal Omega-7 Fatty Acid"";""Provinal(TM) Purified Omega-7"";""Total Omega 7 Fatty Acids"";""Total Omega-7 Fatty Acids""",44,2
1552,Omega-8,Fatty Acid,1,"""Margaroleic Acid""",2,0
96,Omega-9,Fatty Acid,20,"""260 mg of Total Omega-9 Fatty Acids"";""Oleic Acid"";""Omega 9"";""Omega 9 fatty acids"";""Omega-9"";""Omega-9 - Oleic Acid"";""Omega-9 Fatty Acid"";""Omega-9 Fatty Acids"";""Omega-9 Fatty Acids:"";""Omega-9 Monounsaturated Fat"";""Omega-9 Oleic Acid"";""Omega-9's"";""Omega-9s"";""other Omega-9 Fatty Acids"";""Other Omega-9s"";""other {omega}-9 fatty acids"";""Total Omega 9 Fatty Acids"";""Total Omega-9"";""Total Omega-9 & 11 Fatty Acids"";""Total Omega-9 Fatty Acids""",332,27
62,onion,Botanical,14,"""Allium cepa"";""Onion"";""Onion bulb extract"";""Onion extract"";""Onion organic vegetable powder"";""Onion powder"";""organic Green Onion"";""organic Green Onion juice"";""organic Onion"";""Organic Onion (bulb) powder"";""organic Onion powder"";""Purple Onion"";""Shallots"";""{organic} Onion powder""",262,18
1220,Oolong Tea,Botanical,3,"""Oolong Tea"";""Oolong Tea extract"";""Oolong Tea Leaf Extract""",18,2
1892,Operculina turpethum,Botanical,4,"""Indian Jalap"";""Nishoth"";""Nisot"";""Operculina turpethum root extract""",9,0
1803,Ophiopogon,Botanical,2,"""Ophiopogon"";""Ophiopogonis extract""",23,0
2122,Orange (unspecified),TBD,46,"""Blood Orange (Citrus sinensis) fruit ext."";""Blood Orange extract"";""cold-pressed Orange oil"";""dried Orange peel extract"";""Essential Orange Oil"";""Green Orange extract"";""Marmalade Orange extract"";""Morosil"";""natural Orange extract"";""Orange"";""Orange (Citrus sinensis) peel extract"";""Orange Bioflavonoid extract"";""Orange Bioflavonoids"";""Orange Essential Oil"";""Orange extract"";""Orange fruit Fiber"";""Orange juice"";""Orange juice powder"";""Orange oil"";""Orange peel essential oil"";""Orange peel extract"";""Orange powder"";""Orange [fruit] Essential Oil"";""Orange [peel] essential oil"";""Oranges"";""org. Orange"";""organic Orange"";""organic Orange juice powder"";""Organic orange peel oil"";""organic Orange peel powder"";""organic whole Orange"";""orgnaic Orange"";""Proprietary Orange essence"";""Red Orange"";""Red Orange (Citrus sinensis) fruit extract"";""Red Orange Complex Orange fruit & peel extract"";""Satsuma Orange concentrate"";""Seville Orange (Citrus aurantium) extract bioflavonoids"";""Sicilian Blood Orange fruit and peel extract"";""Uncle Matt's Organi""",309,12
2744,Orange essential oil,botanical,1,"""Orange essential oil""",2,0
1804,Orchic,Animal Part or Source,10,"""Bovine (Bos taurus) Orchic"";""bovine orchic Cytosol(TM) extract"";""Bovine Orchic extract"";""Orchic"";""Orchic Extract"";""Orchic powder"";""Orchic Substance"";""Raw Orchic"";""Raw Orchic Concentrate"";""raw Orchic Tissue""",58,6
312,oregano,Botanical,69,"""alcohol free concentrated extract of Oregano"";""Alcohol Free Concentrated Extract of: Oregano leaf (wild Mediterranean) Supercritical CO2 Extract"";""contains 45 mg pure Oregano Oil"";""from 1,500 mg Oregano"";""from 15 mg of 100:1 Oil of Oregano"";""Mediterranean Oregano"";""Mexican Oregano"";""Moroccan Oregano (Origanum compactum) flower Oil"";""mycellized organic, wild Oregano Oil"";""mycellized wild, organic Oregano Oil"";""Oil of Oregano"";""Oil of Oregano (Origanum vulgare) aerial parts extract"";""Oil of Oregano 10:1 extract"";""Oil of Oregano aerial extract"";""Oil of Oregano extract"";""Oil of Oregano leaf extract"";""Oil of wild Oregano"";""Oregano"";""Oregano (aerial) ext."";""Oregano (leaf) extract"";""Oregano (Origanum compactum) flower oil"";""Oregano (Origanum vulgare) (leaf) aqueous extract"";""Oregano (Origanum vulgare) aerial part oil extract"";""Oregano (Origanum vulgare) extract"";""Oregano (Origanum vulgare) leaf oil"";""Oregano (Origanum vulgare) Oil"";""Oregano (Origanum vulgare) Oil extract"";""Oregano (Origanum vulgares) Leaf Extract"";""""",367,10
1059,Oregon Grape,Botanical,23,"""Barberry"";""Berberis aquifolium"";""dried Oregon Grape root extract"";""ethically wild harvested Oregon Grape"";""infusion (1:6000) of Berberis aquifolium"";""Oregon Grape"";""Oregon Grape (Berberis aquifolium) root 4:1 extract"";""Oregon Grape (Berberis aquifolium) root and stem extract"";""Oregon Grape (Berberis aquifolium) root extract 4:1"";""Oregon Grape (Mahonia aquifolium) (root) powder"";""Oregon Grape (Mahonia aquifolium) powder"";""Oregon Grape (Mahonia aquifolium) root extract"";""Oregon Grape 4:1 Extract"";""Oregon Grape extract"";""Oregon Grape root"";""Oregon Grape root (Berberis aquifolium) extract"";""Oregon Grape root and stem extract"";""Oregon Grape Root Bark Extract"";""Oregon Grape root extract"";""Oregon Grape root powder"";""Oregon-Grape"";""organic Oregon Grape"";""wildcrafted Oregon Grape""",177,5
550,Organic Purple Kculli Corn Extract,Botanical,1,"""Myrrh powder""",1,0
211,Oriental arborvitae,Botanical,3,"""Biota"";""Oriental Arborvitae"";""Platycladus orientalis""",12,0
3044,Oriental Bush Cherry,TBD,1,"""Prunus japonica""",1,0
2561,Oriental Ginseng,botanical,19,"""Asian Ginseng"";""Asian Ginseng (Panax ginseng) root extract"";""Chinese Red Ginseng"";""dried Red Ginseng root extract"";""Ginseng (Panax ginseng) whole herb extract"";""Korean Ginseng"";""Korean Ginseng root extract"";""Korean Panax ginseng"";""Korean Red Ginseng"";""Panax Ginseng"";""Panax ginseng (root) extract"";""Panax Ginseng extract"";""Panax ginseng root (red) extract"";""Panax ginseng root extract"";""Panax Ginseng root powder"";""Red Ginseng"";""Red Ginseng root extract"";""Red Panax ginseng (root) extract"";""White Chinese Ginseng""",49,2
1819,Ornithine,Amino Acid,7,"""L-Ornithine"";""L-Ornithine HCl"";""L-Ornithine L-Aspartate"";""Ornithine"";""Ornithine alpha keto glutarate"";""Ornithine HCl"";""Ornithogalum umbellatum""",119,1
2702,Ornithine alpha-ketoglutarate,chemical,7,"""L-Ornathine Alpha-Ketoglutarate"";""L-Ornithine AKG"";""L-Ornithine Alpha Ketoglutarate"";""L-Ornithine Alpha-Ketoglutarate"";""OKG"";""Ornithine Alpha Ketoglutarate"";""Ornithine Alpha-Ketoglutarate""",34,0
1799,Ornithine Ketoglutarate,Amino Acid,7,"""OKG"";""Ornithine AKG"";""Ornithine Alpha Ketoglutarate"";""Ornithine Alpha-Ketoglutarate"";""Ornithine Alphaketoglutarate"";""Ornithine-Alpha-Ketoglutarate"";""Ornithine-Alpha-Ketogluterate""",36,2
3514,Ornithine-L-aspartate,chemical,1,"""L-Ornithine-L-Aspartate""",9,0
1822,Orotic Acid,Chemical,2,"""L-Ornithine L-Aspartate"";""Orotic Acid""",4,2
1823,Oroxylum,Botanical,4,"""Oroxylum"";""Oroxylum extract"";""Oroxylum indicum seed ext."";""Shyonka""",18,0
2014,Oroxylum indicum,Botanical,1,"""Indian Trumpet Flower""",1,0
1560,Orris,Botanical,1,"""Iris germanica""",7,0
2176,Oryza Sativa,Botanical,1,"""Oryza""",8,0
1406,Osha,Botanical,10,"""Colorado cough root"";""dried Osha root extract"";""ethically wild harvested fresh Osha"";""Fresh Osha"";""Osha"";""Osha (Ligusticum porteri) root extract"";""Osha extract"";""Osha liquid extract"";""Osha powder"";""Osha root extract""",71,1
1824,Osmium,Element,1,"""Osmium""",14,1
232,Otoba sp.,Botanical,1,"""Otoba parvifolia bark extract""",2,0
1765,Ovary,Animal Part or Source,10,"""Bovine (Bos taurus) Ovary"";""Ovarian Concentrate"";""Ovarian extract"";""Ovarian Tissue"";""Ovary"";""Ovary extract"";""Raw Ovarian Concentrate"";""raw Ovarian Tissue"";""Raw Ovary"";""Raw Ovary Concentrate""",24,0
157,Ox Bile,Animal Part or Source,9,"""Also includes 200 mg Ox Bile"";""Desiccated Ox Bile"";""desiccated Ox Bile powder"";""Ox bile"";""Ox Bile concentrate"";""Ox Bile Extract"";""Ox-Bile extract"";""Oxbile"";""Oxbile extract""",29,2
2425,oxidase,enzyme,1,"""Oxidase""",7,0
1891,Oxiracetam,Chemical,1,"""Oxiracetam""",2,1
1827,Oxygen,Element,2,"""Oxygen"";""Oxygen Molecules""",14,1
2851,Oxytropis falcate,botanical,1,"""Oxytropis falcate extract""",1,0
1143,Oxytropis falcate extract,Botanical,2,"""Oxytropis falcate ext."";""Oxytropis falcate extract""",3,0
1828,oyster,Animal Part or Source,5,"""freeze dried Oysters"";""Ostrea gigas"";""Oyster extract"";""Oyster Shell"";""Pacific Oyster extract""",34,1
2460,Oyster Mushroom,other,3,"""organic Oyster Hiratake"";""Oyster Hiratake"";""Oyster Mushroom""",39,2
1592,Oyster Shell,Animal Part or Source,1,"""Oyster Shell""",4,1
