Ingredient - Group ID,Ingredient - Group Name,CATEGORY,# of Synonyms /Sources,Synonyms/Sources,# of Products,# of NHANES Products
3622,Kachnar,botanical,3,"""Kanchanar bark extract"";""Kanchanara"";""Orchid Tree""",4,0
1221,Kaempferol,Botanical,1,"""Kaempferol""",3,0
2285,Kale,botanical,27,"""'HiActives' Kale powder"";""freeze-dried Kale"";""Kale"";""Kale (Brassica oleracea acephala) leaf powder"";""Kale (Brassica sp.) powder"";""Kale concentrate"";""Kale extract"";""Kale juice powder"";""Kale leaf concentrate"";""Kale leaf pdr."";""Kale leaf powder"";""Kale organic vegetable powder"";""Kale powder"";""Kale sprouts pdr"";""Kale sprouts pdr."";""Kale sprouts powder"";""Kale [whole plant] extract"";""organic certified Kale"";""organic fermented Kale"";""organic Kale"";""organic Kale leaf powder"";""organic Kale powder"";""organic Kale sprout"";""organic Kale sprout powder"";""organic Kale [leaf] powder"";""{organic} Kale powder"";""?HiActives? Kale""",676,48
2158,Kamala,Botanical,1,"""Kamala""",2,0
484,Kamut ,Botanical,14,"""Kamut"";""Kamut Grass"";""Kamut Grass (Triticum turgidum ssp.) powder"";""Kamut grass dehydrated juice powders"";""Kamut grass juice pdr"";""Kamut grass juice pdr."";""Kamut grass juice powder"";""Kamut grass powder"";""Kamut juice powder"";""Kamut sprout"";""Organic Green Kamut"";""organic Green Kamut Grass powder"";""organic Kamut"";""organic Kamut grass (Triticum turanicum) juice powder""",50,3
1591,Karaya Gum,Botanical,1,"""Karaya Gum""",11,0
485,Kava kava ,Botanical,23,"""100% Kava root powder"";""dried Kava root extract"";""Kava"";""Kava (Piper methysticum) root extract"";""Kava extract"";""Kava Kava"";""Kava Kava (Piper methysticum) root extract"";""Kava Kava (Root) Extract"";""Kava kava extract"";""Kava Kava powder"";""Kava Kava root extract"";""Kava rhizome & root (Piper methysticum) extract"";""Kava rhizome extract"";""Kava rhizome w/ root extract"";""Kava rhizome with root (Piper methysticum) extract"";""Kava root extract"";""Kavalactones"";""Kavapure(R) Kava Kava (Piper methysticum) extract"";""Piper methysticum"";""selectively imported Vanuatu Kava"";""Selectively Imported Vanuatu Kava Root"";""Vanuatu Kava"";""Vanuatuan and/or Fijian Kava Kava root (Piper methysticum) extract""",85,2
2592,Kavalactone,chemical,2,"""Kava root extract"";""Kavalactones""",9,1
3508,Kefir,animal part or source,1,"""Eastern European Wild Kefir Culture""",6,0
1224,Kelp,Botanical,48,"""Ascophyllum nodosum"";""Ascophyllum nodosum seaweed pdr"";""Ascophyllum nodosum seaweed pdr."";""Ascophyllum nodosum seaweed powder"";""Atlantic Kelp"";""Atlantic Kelp powder"";""Brown Kelp"";""Brown Kelp (Undaria pinnatifida) powder"";""Brown Seaweeds Kelp"";""Canadian Kelp"";""certified organic Kelp"";""Fucaceae"";""Iodine"";""Kelp"";""Kelp (Algae)"";""Kelp (Ascophyllum nodosum) (algae)"";""Kelp (Ascophyllum nodosum) (frond) Powder"";""Kelp (Ascophyllum nodosum) powder"";""Kelp (extract)"";""Kelp (Laminara digitata) stem and leaf powder"";""Kelp (Laminaria digitata) (thallus) extract"";""Kelp (Laminaria digitata) powder"";""Kelp (Laminaria spp.) powder"";""Kelp (Pacific) frond powder"";""Kelp (whole plant) extract"";""Kelp (whole plant) powder"";""Kelp (whole) extract"";""Kelp 4:1 extract"";""Kelp extract"";""Kelp organic vegetable powder"";""Kelp powder"";""Kelp thallus extract"";""Norwegian Kelp"";""organic Atlantic Kelp powder"";""organic certified Kelp"";""organic Kelp"";""organic Kelp powder"";""organic Rockweed Kelp"";""organic Sea Kelp"";""Phasophyta Kelp"";""Phasophyta/Rhodophy""",667,34
2267,Kelp (unspecified),other,1,"""Kelp""",1,0
1332,Keratin,Protein,8,"""Cynatine HNS"";""Cynatine(R) HNS"";""Cynatine(R) HNS Keratin"";""Hydrolyzed Keratin"";""Keratin"";""Keratin Polymers"";""Keratin powder"";""Soluble Keratin""",22,1
1491,Ketoglutarate,Chemical,2,"""7-Keto DHEA"";""A-KIC""",5,0
1240,Ketoisocaproate Potassium,Amino Acid,2,"""Ketoisocaproate Potassium"";""Ketoisocaproic Acid Calcium""",17,0
1493,Ketone,Chemical,3,"""Raspberry Ketone"";""Raspberry Ketone Granules"";""Raspberry Ketones""",153,4
1778,Khella,Botanical,6,"""dried Khella seed extract"";""Khella"";""Khella extract"";""Khella liquid extract"";""Khella seed (Ammi visnaga) extract"";""Khella seed extract""",12,0
1494,Kidney,Animal Part or Source,11,"""Bovine (Bos taurus) Kidney"";""Bovine Kidney"";""KIC"";""Kidney"";""Kidney bean extract"";""Neonatal Kidney"";""Neonatal Kidney Concentrate"";""Raw Kidney"";""raw Kidney Tissue"";""raw Porcine Kidney concentrate"";""with 50 mg of Kidney""",56,7
1495,Kigelia africana,Botanical,2,"""Kigelia africana"";""Sausage tree""",11,0
2981,King orange,botanical,1,"""Citrus nobilis""",1,0
114,Kiwi,Botanical,19,"""Actazin Kiwi (Actinidia chinensis) (whole fruit) cold-pressed powder"";""Actazin Kiwifruit Powder"";""Digesten-K(R)"";""Kiwi"";""Kiwi (Actinidia deliciosa) juice powder"";""Kiwi (Actinidia delicosa) fruit powder"";""Kiwi concentrate"";""Kiwi extract"";""Kiwi fruit"";""Kiwi fruit powder"";""Kiwi Juice"";""Kiwi powder"";""Kiwi Protease"";""Kiwi seed extract"";""Kiwifruit (Actinidia deliciosa) extract"";""Kiwifruit (Actinidia deliciosa) powder"";""Kiwifruit extract"";""Kiwifruit powder"";""organic Kiwifruit extract""",109,9
2455,Knotted kelp,other,5,"""Ascophyllum nodosum"";""Kelp"";""Kelp (Ascophyllum Nodosum) powder"";""Kelp (Ascophyllum nodosum)(Algae)"";""organic Seagreens""",7,0
1716,Knotweed,Botanical,16,"""Giant Knotweed (Polygonum cuspidatum) Root and Rhizome Extract"";""Giant Knotweed extract"";""Giant Knotweed root and rhizome extract"";""Giant Knotweed root and rhizome extracts"";""Hu-Chang"";""Japanese Knotweed"";""Japanese Knotweed (Polygonum cuspidatum) root extract"";""Japanese Knotweed (root) extract"";""Japanese Knotweed extract"";""Japanese Knotweed extract powder"";""Japanese Knotweed root extract"";""Knotweed"";""Polygonum aviculare"";""Polygonum avicularis"";""Polygonum cuspidatum extract"";""Polygonum powder extract""",50,2
488,Kola Nut ,Botanical,10,"""cola"";""Kola"";""Kola (seed) extract"";""Kola extract"";""Kola Herbal Extract"";""KOLA NUT"";""Kola Nut (Cola acuminata) extract"";""Kola Nut extract"";""Kola Nut powder"";""Kola Nut seed extract""",39,2
3655,Kombucha,other,1,"""organic Kombucha""",4,0
1496,Kombucha Tea,Botanical,2,"""Kombucha"";""Kombucha powder""",2,0
3545,Konjac,botanical,1,"""Amorphophallus konjac""",1,0
2931,Korean Angelica,botanical,4,"""Angelica gigas extract"";""Angelica gigas Nakai (root) extract"";""Angelica gigas Nakai extract"";""Angelica gigas Nakai root extract""",6,0
489,Kre-Alkalyn,Chemical,1,"""Kre-Alkalyn pH Correct Creatine""",1,0
534,Krill Oil,Fatty Acid,20,"""100% Krill Oil"";""100% Pure Superba Krill Oil"";""100% pure Superba2 Krill Oil"";""Antarctic Krill (Euphausia superba) Oil"";""Antarctic Krill Oil"";""Antarctic Krill Oil Complex"";""Azantis Krill Oil"";""Ester-Omega(R) Krill Oil"";""K-REAL Krill Oil"";""Krill (Euphausia superba) body oil"";""Krill Oil"";""Krill Oil Professional Formula"";""Neptune Krill Oil"";""NKO Neptune Krill Oil"";""Pure Krill Oil"";""Red Krill Oil"";""Superba Boost Krill Oil"";""Superba Krill Oil"";""Superba(TM) Krill"";""ultra-pure Krill Oil""",151,15
416,Kudzu ,Botanical,34,"""Dolichos lobatus"";""dried Kudzu extract"";""dried Kudzu root extract"";""ethically wild harvested Kudzu"";""Indian Kino Tree"";""Indian Kudzu"";""Indian Kudzu extract"";""Kudju"";""kudzhu"";""Kudzu"";""Kudzu (Pueraria lobata) extract"";""Kudzu (Pueraria lobata) root extract"";""Kudzu Blend"";""Kudzu extract"";""Kudzu flower extract"";""Kudzu flower powder"";""Kudzu Root"";""Kudzu root (Pueraria lobata) extract"";""Kudzu root ext."";""Kudzu Root Extract"";""Kudzu root powder"";""Lactase"";""Pueraria"";""Pueraria Iobata"";""Pueraria lobata"";""Pueraria lobato root extract"";""Pueraria mirifica"";""Pueraria root extract"";""Pueraria thumbergiana B."";""Pueraria thunbergiana B."";""Puresterol Pueraria mirifica"";""Radix Puerariae Lobatae"";""Thai Kudzu"";""Vidarikanda Ghana""",145,3
