Ingredient - Group ID,Ingredient - Group Name,CATEGORY,# of Synonyms /Sources,Synonyms/Sources,# of Products,# of NHANES Products
2819,Yacon,botanical,5,"""certified organic Yacon syrup"";""organic Yacon Syrup"";""Yacon"";""Yacon leaf juice"";""Yacon root extract""",27,0
3582,Yam (unspecified),botanical,1,"""Yam""",1,0
134,Yarrow,Botanical,31,"""Achillea millefolium var. rubra"";""Biranjasipha"";""dried Yarrow flowering tops extract"";""essential oils of yarrow"";""ethically wild harvested Yarrow"";""fresh Yarrow"";""Fresh Yarrow aerial parts extract"";""infusion (1:6000) of Achillea filipendulina"";""infusion (1:6000) of Achillea millefolium"";""organic Yarrow"";""Organic yarrow flower"";""whole plant tinctures of Achillea millefolium"";""whole plant tinctures of Yarrow"";""Yarrow"";""Yarrow (Achillea millefolium L.) (flower) powder"";""Yarrow (Achillea millefolium) aerial parts extract"";""Yarrow (Achillea millefolium) powder"";""Yarrow (Achillea millefolium) whole herb extract"";""Yarrow (aerial parts) extract"";""Yarrow essential oil"";""Yarrow extract"";""Yarrow flower extract"";""Yarrow flowering top (Achillea millefolium) extract"";""Yarrow flowering tops extract"";""Yarrow flowers extract"";""Yarrow flowers powder"";""Yarrow herb powder"";""Yarrow leaf & flower extract"";""Yarrow powder"";""{flower essence infusions of} Achillea millefolium"";""{flower essence infusions of} Yarrow""",154,0
1595,Yeast,Botanical,8,"""EpiCor"";""nutritional Yeast"";""Phaffia rhodozyma Yeast"";""Primary Yeast"";""Yeast"";""Yeast (Saccharomyces cerevisiae) cell wall extract"";""Yeast (Saccharomyces cerevisiae) extract"";""Yeast (Saccharomyces cerevisiae) std. extract""",26,7
510,Yellow Dock,Botanical,16,"""Coriolus versicolor"";""fresh Yellow Dock root extract"";""org. Yellow Dock"";""organic Yellow Dock"";""organic Yellowdock"";""wild crafted Yellow Dock"";""Yellow Dock"";""Yellow Dock (root) extract"";""Yellow Dock (Rumex crispus) root extract"";""Yellow Dock extract"";""Yellow Dock powder"";""Yellow Dock root (Rumex crispus) extract"";""Yellow Dock root extract"";""Yellow Dock root powder"";""Yellow Dock Root Whole Herb and Extract"";""Yellowdock root""",217,7
3611,Yellow-Fruit Nightshade,botanical,1,"""Kantakari""",2,0
2601,Yellowdock,botanical,2,"""ethically wild harvested Yellow Dock"";""Yellow Dock (Rumex crispus) root extract""",3,0
2942,Yerba buena (unspecified),botanical,1,"""Yerba Buena""",2,0
2201,Yerba Mansa,Botanical,5,"""ethically wild harvested fresh Yerba Mansa"";""Fresh Yerba Mansa"";""Yerba Mansa"";""Yerba Mansa liquid extract"";""Yerba Mansa root (Anemopsis californica) extract""",32,0
139,Yerba Mate,Botanical,25,"""Green Mate (Ilex paraguariensis) leaf extract"";""Green Mate extract"";""Ilex paraguariensis"";""Mate (Yerba Mate)"";""Mate (Yerba Mate) extract"";""Mate (Yerba Mate) powder"";""Mate leaf extract"";""organic Yerba mate"";""organic Yerba Mate extract"";""Yerba Mate"";""Yerba Mate (herb) (leaf) extract"";""Yerba Mate (Ilex paraguariensis) (leaf) extract"";""Yerba Mate (Ilex paraguariensis) leaf extract"";""Yerba Mate (Ilex paraguariensis) powder extract"";""Yerba Mate (leaf) extract"";""Yerba Mate (leaf) Extrat"";""Yerba Mate 4:1 concentrate"";""Yerba Mate extract"";""Yerba Mate Green Tea standardized extract"";""Yerba Mate leaf extract"";""Yerba Mate leaf powder"";""Yerba Mate leaf standardized extract"";""Yerba Mate Powder"";""Yerba Mate powder extract"";""Yerbe Mate""",220,5
1380,Yerba Santa,Botanical,8,"""dried Yerba Santa leaf extract"";""Eriodictyon californicum"";""fresh Yerba Santa"";""infusion (1:6000) of Eriodictyon californicum"";""Yerba Santa"";""Yerba Santa extract"";""Yerba Santa herb (Eriodictyon californicum) extract"";""Yerba Santa [leaf] 4:1 extract""",49,0
2316,Yew,botanical,2,"""Yew powder"";""Yew [Taxus brevifolia] powder""",3,0
3727,Ylang ylang,botanical,1,"""Ylang Ylang""",1,0
1440,Ylang ylang Oil,Botanical,1,"""ylang ylang""",2,0
1255,Yogurt,Botanical,3,"""Bulgarian Yogurt (Milk) Concentrate"";""Freeze-Dried Yogurt"";""Yogurt Powder""",6,0
138,Yohimbe,Botanical,47,"""112.5 mg Yohimbe Extract"";""17a-Hydroxy-Yohimban-16a-Carboxylic-Acid Methyl Ester"";""African Yohimbe"";""Alpha-Yohimbine"";""Alpha-Yohimbine11"";""Corynine"";""natural Yohimbine"";""NorEpiphex {Alpha}2-Andregenic-l Tri-Yohimbe Complex + M-MAOxidizor-l"";""Pausinystalia johimbe bark extract"";""Pausinystalia johimbe powder"";""Pausinystalia yohimbe"";""Pausinystalia yohimbe (bark) extract"";""Pausinystalia Yohimbe 8% extract"";""Pausinystalia yohimbe extract"";""Rauvolfia canescens"";""standardized 10:1 {Yohimbe} extract"";""standardized for 9 mg yohimbine"";""Standardized to 1 mg Yohimbine"";""Supplying 1.5mg Yohimbine"";""Supplying yoimbine"";""wildcrafted Yohimbe"";""Yohimbe"";""Yohimbe (bark) extract"";""Yohimbe (Pausinystalia johimbe) (bark) extract"";""Yohimbe (Pausinystalia yohimbe) (bark) extract"";""Yohimbe (Pausinystalia yohimbe) bark extract"";""Yohimbe (Pausinystalia yohimbe) extract"";""Yohimbe 2% Extract"";""Yohimbe 8% extract"";""Yohimbe bark (Pausinystalia johimbe) extract"";""Yohimbe bark ext."";""Yohimbe bark extract"";""Yohimbe bark powder"";""Yohimbe ex""",579,25
2366,Yohimbine,chemical,6,"""Alpha Yohimbine"";""Yohimbine"";""Yohimbine Alkaloids"";""Yohimbine bark extract"";""Yohimbine extract"";""Yohimbine HCl""",71,3
3355,Ytterbium,other,1,"""Ytterbium""",23,1
3356,Yttrium,other,1,"""Yttrium""",20,0
136,Yucca,Botanical,19,"""infusion (1:6000) of Yucca brevifolia var. brevifolia"";""Mojave Yucca"";""Mojave Yucca (root) extract"";""Mojave Yucca root extract"";""Yucca"";""Yucca (Yucca filamentosa) root powder"";""Yucca (Yucca schidigera) root extract"";""Yucca brevifolia"";""Yucca Extract"";""Yucca filamentosa root powder"";""Yucca leaf extract"";""Yucca powder"";""Yucca Root"";""Yucca root 4:1 extract"";""Yucca root extract"";""Yucca root powder"";""Yucca schidigera"";""Yucca stem juice (Yucca schidigera) succus"";""Yum Berry""",118,5
2982,Yumberry,botanical,1,"""organic Yumberry""",1,0
