Ingredient - Group ID,Ingredient - Group Name,CATEGORY,# of Synonyms /Sources,Synonyms/Sources,# of Products,# of NHANES Products
3599,Earthworm,animal part or source,1,"""Earthworm extract""",2,0
3095,Eastern Red Cedar,botanical,3,"""Cedar"";""Cedar of Lebanon"";""organic Cedarwood (Cedrus atlantica) essential oil""",5,1
1581,Ecdysterone,Chemical,6,"""20-Hydroxy Ecdysterone"";""20-Hydroxy-ecdysone"";""20-Hydroxyecdysterone"";""25-Deoxy-20-Hydroxyecdysone"";""Beta Ecdysterone"";""{Beta}-Ecdysterone""",9,0
60,Echinacea,Botanical,119,"""certified organic Echinacea"";""certified organic fresh Echinacea"";""Coneflower"";""dried Echinacea angustifolia"";""dried Echinacea augustifolia and Echinacea pallida"";""dried Echinacea pallida"";""dried Echinacea root extract"";""dry Echinacea angustifolia"";""E. angustifolia root extract"";""E. purpurea (flower) liquid extract"";""E. purpurea whole plant extract"";""Echinacea"";""Echinacea (aerial parts) 4:1 extract"";""Echinacea (E. purpurea and E. angustifolia) root"";""Echinacea (Echinacea angustifolia) root extract"";""Echinacea (Echinacea pallida) root extract"";""Echinacea (Echinacea purpurea) (herb) powder"";""Echinacea (Echinacea purpurea) (root) extract"";""Echinacea (Echinacea purpurea) (root) {extract}"";""Echinacea (Echinacea purpurea) cold pressed juice extract"";""Echinacea (Echinacea purpurea) leaves and root extract"";""Echinacea (Echinacea purpurea) root extract"";""Echinacea (Echinacea purpurea) root std. extract"";""Echinacea (Purpurea) Power"";""Echinacea (root) 4:1 extract"";""Echinacea angustifolia"";""Echinacea angustifolia (root) e""",572,30
3385,Echinacea (unspecified),botanical,2,"""Echinacea"";""organic Echinacea""",21,0
2259,Echinacea angustifolia,botanical,25,"""dry Echinacea angustifolia"";""E. angustifolia"";""Echinacea"";""Echinacea angustifolia"";""Echinacea angustifolia (root) liquid extract"";""Echinacea angustifolia extract"";""Echinacea angustifolia powder"";""Echinacea angustifolia root extract"";""Echinacea angustifolia root powder"";""Echinacea angustifolia root supercritical extract"";""Echinacea angustifolia root/rhizome extract"";""Echinacea augustifolia"";""Echinacea augustifolia extract"";""Echinacea extract"";""Echinacea root extract"";""fresh Echinacea"";""fresh Echinacea angustifolia"";""narrow-leaved Coneflower (Echinacea angustifoliae) root extract"";""organic Echinacea"";""organic Echinacea angustifolia"";""organic Echinacea angustifolia extract"";""organic Echinacea angustofolia"";""organic extract of Echinacea angustifolia"";""standardized Echinacea extract"";""wild crafted Echinacea angustifolia""",170,1
2261,Echinacea purpurea,botanical,45,"""E. purpurea"";""E. purpurea root/aerial parts extract"";""Echinacea"";""Echinacea (Echinacea purpurea) aerial parts 4:1 extract"";""Echinacea (Echinacea purpurea) fresh pressed aerial juice extract"";""Echinacea (Echinacea purpurea) root 4:1 extract"";""Echinacea extract"";""Echinacea herb extract"";""Echinacea powder"";""Echinacea purpurea"";""Echinacea purpurea (aerial and root parts) 4:1 extract"";""Echinacea purpurea (aerial parts) extract"";""Echinacea purpurea (Echinacea) leaf extract"";""Echinacea purpurea (flower) liquid extract"";""Echinacea purpurea (stem, leaf, flower) extract"";""Echinacea purpurea aerial parts and root 4:1 extract"";""Echinacea purpurea aerial parts extract"";""Echinacea purpurea aerial parts powder"";""Echinacea purpurea extract"";""Echinacea purpurea flower extract"";""Echinacea purpurea herb"";""Echinacea purpurea herb concentrate"";""Echinacea purpurea leaf extract"";""Echinacea purpurea powder"";""Echinacea purpurea root"";""Echinacea purpurea root 4:1 extract"";""Echinacea purpurea root and aerial parts extract"";""Echinacea p""",321,11
1374,Echium plantagineum,Botanical,2,"""Echium Oil"";""Echium seed oil""",2,0
3150,Ecklonia bicyclis,other,1,"""Ecklonia bicyclis extract""",1,0
3121,Ecklonia cava,other,4,"""Ecklonia cava"";""Ecklonia cava 25:1 extract"";""Ecklonia cava extract"";""Seanol""",10,0
3561,Eclipta,botanical,4,"""Bhringaraj leaf powder"";""Bhringraj powder"";""Eclipta"";""Eclipta alba""",12,1
1018,EDTA,Chemical,4,"""Calcium Disodium EDTA"";""Disodium EDTA"";""EDTA"";""Ethylenediaminetetraacetic Acid DIsodium Salt""",36,2
1193,EGCG,Botanical,28,"""(-)Epigallocatechin-3-O-Gallate"";""120 mg EGCg"";""35 mg of EGCG"";""350 mg of EGCG"";""45% EGCG"";""50% EGCG"";""525 mg of EGCG"";""ECGC"";""EGCG"";""EGCG Epigallocatechin Gallate"";""EGCG Green Tea extract"";""Epigallo catechin gallate"";""Epigallo-Catechin-3-Gallate"";""Epigallocatechin"";""Epigallocatechin 3-0 Gallate"";""Epigallocatechin 3-gallate"";""Epigallocatechin Gallate"";""Epigallocatechin Gallate (EGCG) extract"";""Epigallocatechin Gallates"";""providing 45 mg Epigallocatechin Gallate"";""Providing 66 mg Epigallocathecin gallate"";""providing 90 mg EGCG"";""Standardized to contain 87.5 mg EGCG"";""Total EGCG"";""White Tea"";""White Tea extract"";""yielding EGCG"";""yields EGCG""",184,7
2299,Egg,animal part or source,4,"""Egg White"";""IgY Max hyperimmunized Egg powder"";""NEM Natural Eggshell Membrane"";""NEM(R) Eggsehell Membrane""",22,0
1039,Egg Albumen,Animal Part or Source,8,"""Albumin"";""egg albumen"";""Egg Albumin"";""Egg Protein isolate"";""Egg white"";""Egg White albumen"";""Egg Whites"";""NEM(R)""",24,0
3649,Egg protein,protein,2,"""Egg Protein"";""Egg White Protein""",10,1
711,eggplant,Botanical,4,"""Eggplant"";""Eggplant 20:1 extract"";""Eggplants"";""English Ivy leaf extract""",8,1
2398,Eggshell,animal part or source,7,"""BiovaFlex Natural Eggshell Membrane"";""Eggshell Membrane"";""Eggshell membrane powder"";""Membrell Original NEM"";""Natural Eggshell Membrane"";""NEM"";""NEM Eggshell Membrane""",27,1
3243,Eicosadienoic Acid,fatty acid,1,"""Eicosadienoic Acid""",8,0
3242,Eicosatrienoic Acid,fatty acid,1,"""Eicosatrienoic Acid""",10,0
1231,Elcampane,Botanical,4,"""Elecampane"";""Elecampane root extract"";""Indian Elecampane Extract"";""Pushkarmool""",43,0
1723,Elder Flower,Botanical,13,"""American Elder"";""dried Elderflower flowers extract"";""Elder"";""Elder Flower"";""Elder Flower (Sambucus nigra L.) (flower) extract"";""Elder flower extract"";""Elderberry"";""Elderflower"";""European Elder"";""European Elder (flower) extract"";""European Elder fruit extract"";""org. Elderflower extract"";""Organic elder flower""",43,0
63,elderberry,Botanical,68,"""10:1 Elderberry fruit extract"";""BioActives"";""Black Elder"";""Black Elder Berry Extract"";""Black Elderberry"";""Black Elderberry (berry) extract"";""Black Elderberry (Sambucus nigra L.) extract"";""Black Elderberry (Sambucus nigra) juice concentrated extract"";""Black Elderberry berry extract"";""Black Elderberry fruit (Sambucus nigra) extract"";""Black Elderberry fruit juice concentrate"";""Black Elderberry powder"";""Black Elderberry standardised extract"";""certified organic Elderberry"";""certified organic Elderberry fruit powder"";""dried Elderberry berry extract"";""Elder"";""Elder Berry Extract"";""Elder powder"";""Elderberries"";""Elderberry"";""Elderberry (10:1 concentrate) (fruit) powder"";""Elderberry (European Elder) fruit 10:1 extract"";""Elderberry (fruit) extract"";""Elderberry (Sambucus nigra) (berry) 36:1 extract"";""Elderberry 4:1 extract"";""Elderberry 8:1 extract"";""Elderberry concentrate"";""Elderberry ext."";""Elderberry extract"";""Elderberry extract and juice concentrate"";""Elderberry extract LE"";""Elderberry flower extract"";""Elderberry frui""",478,15
2374,Elderberry (unspecified),botanical,18,"""4:1 Extract"";""Black Elderberry"";""Elderberry"";""Elderberry (Sambucus nigra) concentrate"";""Elderberry (Sambucus nigra) fruit extract"";""Elderberry concentrate"";""Elderberry extract"";""Elderberry flower ext."";""Elderberry fruit & flower extract"";""Elderberry fruit 10:1 ext."";""Elderberry fruit 10:1 extract"";""Elderberry fruit ext."";""Elderberry fruit extract"";""Elderberry juice powder"";""Elderberry powder"";""Elderberry {powder}"";""organic Black Elder (Sambucus nigra L.) (berry) extract"";""premium cultivar Elderberries""",42,2
1724,Elecampane,Botanical,13,"""Elecampane"";""Elecampane (Inula helenium) root extract"";""Elecampane extract"";""elecampane root"";""Elecampane root (Inula helenium) extract"";""Elecampane root extract"";""fresh Elecampane root extract"";""Indian Elecampane"";""Indian Elecampane extract"";""Inula helenium"";""organic Elecampane"";""organic Elecampane root extract"";""Pushkarmool""",60,0
3712,Elephant Yam,botanical,1,"""Suran extract""",3,0
2605,Eleuthero,botanical,40,"""Ciwujia"";""concentrated extract of Eleuthero"";""dried Eleuthero root extract"";""Eleuthero"";""Eleuthero (Eleutherococcus senticosus) extract"";""Eleuthero (Eleutherococcus senticosus) root extract"";""Eleuthero (Eleutherococcus senticosus) root std. extract"";""Eleuthero (root and rhizome) extract"";""Eleuthero (root) extract"";""Eleuthero (root) powder"";""Eleuthero (root) standardized extract"";""Eleuthero extract"";""Eleuthero extract powder"";""Eleuthero powder"";""Eleuthero rhizome extract"";""Eleuthero root & rhizome (Ci Wu Jia) 5:1 extract"";""Eleuthero root & rhizome 50:1 extract"";""Eleuthero root & rhizome extract"";""Eleuthero root (Eleutherococcus senticosus) extract"";""Eleuthero root extract"";""Eleuthero root powder"";""Eleuthero Siberian"";""Eleutherococcus"";""Eleutherococcus (Eleutherococcus senticosus) extract"";""Eleutherococcus extract"";""Eleutherococcus Gracilistylus"";""Eleutherococcus root extract"";""Eleutherococcus senticosus"";""Eleutherococcus senticosus 50:1 extract"";""Eleutherococcus senticosus extract"";""Eluthero"";""organic Eleuther""",542,16
406,Eleuthero Root,Botanical,47,"""0.8% Eleutherosides"";""certified organic Eleuthero"";""Eleuthero"";""Eleuthero (Eleutherococcus senticosus) (root) extract"";""Eleuthero (Eleutherococcus senticosus) root extract"";""Eleuthero (Eleutherococcus senticosus) Root Extract 5:1"";""Eleuthero (Eleutherococcus senticosus) root powder"";""Eleuthero (Eleutherococcus senticosus) root std. extract"";""Eleuthero (root) extract"";""Eleuthero (Siberian Ginseng) Root Extract"";""Eleuthero (Siberian Ginseng) root powder"";""Eleuthero - Siberian Root"";""Eleuthero extract"";""Eleuthero powder"";""Eleuthero root (Aconthopanax senticosus) extract"";""Eleuthero root (Eleutherococcus senticosus) extract"";""Eleuthero root ext."";""Eleuthero root extract"";""Eleuthero Root Standardized Extract"";""Eleuthero Siberian root"";""Eleuthero whole root (Eleutherococcus senticosus) extract"";""Eleuthero whole root (Eleutherococcus senticosus) powder"";""Eleuthero [root] 4:1 extract"";""Eleuthero [root] 5:1 extract"";""Eleutherococcus Extract"";""Eleutherococcus senticosus"";""Eleutherococcus senticosus Herbal Extract"";""Ele""",369,9
2120,Eleutherococcus senticosus,Botanical,14,"""Eleuthero"";""Eleuthero (4:1) extract"";""Eleuthero (Eleutherococcus senticosus) powder"";""Eleuthero (Eleutherococcus senticosus) root extract"";""Eleuthero root extract"";""Eleutherococcus"";""Eleutherococcus extract"";""Eleutherococcus senticosus"";""Eleutherococcus senticosus root 50:1 extract"";""Eleutherococcus senticosus root extract pdr"";""Eleutherococcus senticosus root powder"";""Eleuthro"";""Siberian ginseng"";""Siberian Root""",48,3
2364,Eleutheroside,botanical,1,"""Eleutherosides""",1,0
1236,Ellagic Acid,Botanical,5,"""20 mg Ellagic Acid"";""Eliagic Acid"";""Ellagic Acid"";""Ellagic Acid 95%"";""Ellagic Acid extract""",39,1
1988,Embelia ribes,Botanical,1,"""Vidang extract""",3,0
1376,Emu Oil,Fatty Acid,1,"""Emu Oil""",1,0
1813,Endive,Botanical,1,"""European Field Elm (Ulmus campestris) bud extract""",1,0
3292,Endopeptidase,enzyme,2,"""Endopeptidase"";""Tolerase G Prolyl Endopeptidase""",6,0
3379,English Chamomile,botanical,2,"""dried Roman Chamomile flowers extract"";""Roman Chamomile""",2,0
2217,English Horsemint,Botanical,3,"""Horsemint leaf extract"";""Mentha longifolia"";""Mentha longifolia extract""",14,1
1489,English Ivy,Botanical,15,"""Climbing Ivy (Hedera helix) leaf extract"";""English Ivy"";""English Ivy (aerial part) (fresh) extract"";""English Ivy (Hedera helix) Leaf Extract"";""English Ivy extract"";""English Ivy Extract (Leaf) 4.1"";""English Ivy leaf extract"";""fresh ground Ivy herb extract"";""Ground Ivy"";""Hedera Helix"";""Ivy (Hedera helix) leaf extract"";""Ivy (Hedra helix) leaf liquid extract"";""Ivy extract"";""Ivy Gourd 10:1 extract"";""Ivy Gourd aerial parts extract""",23,0
2533,English Lavender,botanical,4,"""Lavender (Lavandula angustifolia) aerial Oil"";""Lavender (Lavandula angustifolia) flower extract"";""Lavender flowering tops Oil"";""Lavender Oil""",4,0
2837,English Plantain,botanical,3,"""English Plantain"";""Organic Plantain"";""Plantain""",3,0
2712,English Walnut,botanical,2,"""English Walnut (Juglans regia) bud extract"";""Juglans regia""",7,0
630,Enicostemma Littorale,Botanical,2,"""Enicostemma littorale herb extract"";""Mamejawa Ghana""",3,0
292,Enterococcus,Bacteria,2,"""Enterococcus Faecalis"";""Enterococcus Species""",5,2
3524,Enterococcus faecalis,bacteria,2,"""E. faecium"";""Enterococcus faecalis""",7,0
2798,Enterococcus faecium,bacteria,2,"""Enterococcus faecium"";""Enterococcus faecium (R0026)""",14,0
1011,EPA (Eicosapentaenoic Acid),Fatty Acid,21,"""18% EPA"";""20:5 - EPA"";""and 270 mg EPA"";""derived from molecularly distilled fish oil providing 420 mg of EPA"";""Docosahexaenoic acid"";""Eicosapentaenoic Acid"";""Eicosapentaenoic Acid (EPA) Powder"";""EPA"";""EPA (C20:5n-3) as TG"";""EPA - omega-3"";""EPA-Eicosapentaenoic Acid"";""Icosapent"";""including 70 mg EPA"";""Omega-3 (EPA) Eicosapentaenoic Acid"";""Omega-3 Eicosapentaenoic Acid"";""Omega-3 EPA"";""Provides EPA"";""Providing 330 mg EPA"";""Providing 330 mg of EPA"";""Pure Eicosapentaenoic Acid"";""Total EPA""",2238,242
1726,Ephedra,Botanical,5,"""CoreX"";""Ephedra extract"";""Ephedra Herbal Extract"";""Ephedra sinica"";""Liquid Ephedra Extract""",10,0
2986,Epiandrosterone,hormone,1,"""Epiandrosterone""",5,0
1379,epicatechin,Botanical,8,"""(-)-Epicatechin"";""and 10 mg epicatechins"";""EC"";""ECg"";""Epicatechin"";""Epicatechin Gallate"";""Epicatechins"";""PhytoSure Epicatechine""",12,1
1375,Epidermal Growth Factor,Chemical,1,"""Epidermal Growth Factor""",1,0
2960,Epigallocatechin gallate,chemical,2,"""EGCg"";""Epigallocatechin Gallate""",2,0
2575,Epimedium,botanical,21,"""Barrenwort"";""Barrenwort (Epimedium grandiflorum) leaf & stem extract"";""Barrenwort extract"";""Epimedium"";""Epimedium (Epimedium koreanum) leaf and stem extract"";""Epimedium (Epimedium sagittatum) (Horny Goat Weed) powder"";""Epimedium aerial part extract"";""Epimedium brevicornum"";""Epimedium extract"";""Epimedium grandiflorum"";""Epimedium leaf extract"";""Epimedium plant extract"";""Epimedium sagittatum"";""Epimedium sagittatum aerial part extract"";""Epimedium sagittatum extract"";""Epimedium sagittatum PE 12:1"";""Epimedium whole herb 7:1 extract"";""Horney Goat Weed"";""Horny Goat Weed"";""Horny Goat Weed extract"";""organic Epimedium""",96,1
427,Epimedium extract,Botanical,10,"""dried Epimedium leaf extract"";""Epimedium"";""Epimedium (Epimedium sagittatum) (Horny Goat Weed) extract"";""Epimedium aerial parts extract"";""Epimedium extract"";""Epimedium Grandiflorum"";""Epimedium leaf & root extract"";""Epimedium leaf extract"";""Epimedium sagittatum"";""selectively imported Epimedium""",35,0
3445,Epistane,chemical,2,"""2,3a-Epithio-17a-Methyletioallo Cholan-17b-Ol"";""Epistane""",5,0
3351,Erbium,other,1,"""Erbium""",17,1
2247,Erigeron,botanical,2,"""Deng Zhan Hua"";""Erigeron essential oil""",3,0
428,Eriocitrin,Botanical,2,"""Eriocitrin"";""Eriocitrin Flavonoid""",48,5
3246,Erucic acid,fatty acid,1,"""Erucic Acid""",8,0
1381,Erythritol,Chemical,1,"""Erythritol""",21,0
3374,Erythropalum scandens,botanical,1,"""Erythropalum scandens ethanolic extract""",1,0
1382,Eschsoltzaxanthone,Chemical,1,"""Eschsoltzaxanthone""",1,0
2632,Escin,chemical,1,"""Escin""",1,0
1383,esters,Chemical,4,"""L-Ethyl Ester"";""L-Ethyl Ester Malate"";""Plant Sterol {Esters}"";""{Plant} Stanol Esters""",2,0
291,Ethanol,Chemical,1,"""Ethanol""",1,0
3078,Etherium Pink,other,1,"""Etherium Pink""",2,0
1879,Ethyl Linoleate,Chemical,1,"""Ethyl Linoleate""",1,1
1728,Eucalyptus,Botanical,12,"""Eucalyptus"";""Eucalyptus (Eucalyptus radiata) leaf oil"";""Eucalyptus leaf essential oil"";""Eucalyptus leaf essential Oil Complex"";""Eucalyptus leaf extract"";""Eucalyptus leaf Oil"";""Eucalyptus maculata leaf extract"";""Eucalyptus Oil"";""Eucalyptus Powder"";""organic Eucalyptus"";""SinuCheck Brand Eucalyptus Globulus Oil Extract"";""Soledum brand Eucalyptus globulus oil extract""",46,1
3080,Eucommia ,botanical,3,"""Eucommia"";""Eucommia (bark) concentrate"";""Folium Eucommiae""",25,1
412,Eucommia ulmoides,Botanical,3,"""concentrated extract of Eucommia"";""Eucommia"";""Eucommia ulmoides""",24,1
2902,Eugenol,TBD,1,"""total Eugenols""",5,0
2214,European Barberry,Botanical,5,"""Barberry"";""Barberry (Berberis vulgares) root extract"";""Barberry extract"";""Barberry root powder"";""Berberis vulgaris (Barberry) Extract""",9,0
2567,European Elder,botanical,59,"""Black Elder"";""Black Elder (berry) extract"";""Black Elder (Sambucus nigra L.) extract"";""Black Elder Berry (Sambucus nigra) juice concentrate"";""Black Elder berry extract"";""Black Elderberries"";""Black Elderberry"";""Black Elderberry (Sambucus nigra) juice concentrate"";""Black Elderberry (Sambucus nigra) juice concentrated extract"";""Black Elderberry extract"";""Black Elderberry fruit (Sambucus nigra) extract"";""Buckthorn"";""cold-pressed Elderberry juice extract"";""Elder"";""Elder (Sambucus nigra) berry juice concentrate"";""Elder (Sambucus nigra) blossom extract"";""Elder Berry extract"";""Elder flower (Sambucus nigra) extract"";""Elderberry"";""Elderberry (Sambucas nigra) extract"";""Elderberry (Sambucus nigra) extract"";""Elderberry concentrate"";""Elderberry extract"";""Elderberry fruit & flower extract"";""Elderberry fruit extract"";""Elderberry fruit powder"";""Elderberry fruit standardized extract"";""Elderberry Juice"";""Elderberry juice powder"";""Elderberry powder"";""Elderberry Sambucus nigra (fruit) extract"";""European Elder"";""European Elder (ber""",324,16
659,European Golden Rod,Botanical,8,"""European Golden Rod"";""European Goldenrod"";""European Goldenrod (aerial part) extract"";""European Goldenrod aerial parts"";""Goldenrod"";""Goldenrod herb powder"";""organically grown European Goldenrod extract"";""Solidago californica""",14,0
2710,European Hornbeam,botanical,1,"""Hornbeam (Carpinus betulus) bud extract""",1,0
2137,European Mistletoe,Botanical,5,"""European Mistletoe"";""European Mistletoe (Viscum album) young shoot extract"";""Mistletoe"";""Mistletoe herb (Viscum album) extract"";""Mistletoe liquid extract""",15,0
3064,European Vervain,botanical,1,"""Verbena officinalis""",1,0
1245,Europium,Element,1,"""Europium""",24,1
1150,Eurycoma Longifolia,Botanical,70,"""ActivAli(TM)"";""AlivEL 100(TM)"";""Eurycoma"";""Eurycoma Longfolia"";""Eurycoma longfolia concentrate 4:1"";""Eurycoma Longfolia Extract"";""Eurycoma Longfolia Jack"";""Eurycoma longfolia root ext."";""Eurycoma longifolia"";""Eurycoma longifolia (long jack)"";""Eurycoma longifolia (root) extract"";""Eurycoma longifolia 100:1"";""Eurycoma longifolia 100:1 root extract"";""Eurycoma longifolia 150:1 extract"";""Eurycoma longifolia 20:1"";""Eurycoma longifolia extract"";""Eurycoma longifolia Jack"";""Eurycoma longifolia Jack 100:1 extract"";""Eurycoma longifolia jack extract"";""Eurycoma longifolia Jack powder"";""Eurycoma longifolia jack root extract"";""Eurycoma longifolia powder"";""Eurycoma longifolia root 100:1 extract"";""Eurycoma longifolia root extract"";""Eurycoma longifolia root powder"";""LJ-100"";""LJ100"";""LJ100 (Eurycoma longifolia) extract"";""LJ100 Eurycoma (Eurycoma longifolia) (root) extract"";""LJ100 Eurycoma longifolia"";""LJ100 Eurycoma longifolia extract"";""LJ100 Eurycoma longifolia root extract"";""LJ100 standardized Eurycoma longifolia jack extract""""",254,2
2822,Eurycomanone,chemical,1,"""Eurycomanone""",1,0
1689,Evening Primrose,Botanical,15,"""Evening Primose Oil"";""Evening Primrose"";""Evening Primrose (Oenothera biennis) (seed) oil"";""Evening Primrose (Oenothera biennis) extract"";""Evening Primrose (Oenothera biennis) seed oil"";""Evening Primrose (Oenothera biennis) seed Oil%"";""Evening Primrose Oil"";""Evening Primrose Oil (Oenothera biennis) (seed) supercritical extract"";""Evening Primrose powder"";""Evening Primrose seed Oil"";""infusion (1:6000) of Oenothera deltoides"";""infusion (1:6000) of Oenothera elata"";""Oil of Evening Primrose"";""organic Evening Primrose Oil"";""Organic Evening Primrose Seed Oil""",62,8
431,evening primrose oil,Botanical,16,"""cold pressed Oil of Evening Primrose"";""EPO"";""Evening Primrose (Oenothera biennis) Oil"";""Evening Primrose (Oenothera biennis) seed oil"";""Evening Primrose Oil"";""Evening Primrose Oil powder"";""Evening Primrose seed Oil"";""Evening Primrose [Oenothera biennis L.] Seed Oil"";""Oil of Evening Primrose"";""organic cold-pressed Oil of Evening Primrose"";""organic Evening Primrose (seed) Oil"";""organic Evening Primrose Oil"";""organic Evening Primrose Oil (Oenothera biennis) (seed) supercritical extract"";""organic Evening Primrose seed Oil"";""Primrose Oil Powder"";""Ultra Prim Evening Primrose Oil""",224,20
1387,Evodia,Botanical,15,"""Evoburn"";""Evodia"";""Evodia extract"";""Evodia fructus"";""Evodia lepta"";""Evodia rutaecarpa"";""Evodia rutaecarpa 98% extract"";""Evodia rutaecarpa extract"";""Evodia rutaecarpa fruit ext"";""Evodia rutaecarpa fruit extract"";""Evodiae fructus"";""Evodiamine"";""Evodiamine 98%"";""Evodiamine Sclareolide"";""RC-NOS Rutaecarpine extract""",94,2
2858,Evodiamine,chemical,3,"""Evodiamine"";""Evodiamine extract"";""ThermoDiamine""",84,1
3293,Exopeptidase,enzyme,1,"""Exopeptidase""",5,0
2227,Eye,Animal Part or Source,2,"""Eye Extract"";""Porcine eye PMG(TM) extract""",5,1
434,Eyebright ,Botanical,20,"""dried Eyebright herb extract"";""ethically wild harvested Eyebright"";""Euphrasia"";""Eyebright"";""Eyebright (Euphrasia officinalis) Extract"";""Eyebright (Euphrasia officinalis) whole herb extract"";""Eyebright 4:1 extract"";""Eyebright 4:1 extract powder"";""Eyebright aerial part (Euphrasia officinalis) powdered extract"";""Eyebright aerial parts extract"";""Eyebright extract"";""Eyebright Extract 5:1"";""Eyebright flowering herb (Euphrasia spp.) extract"";""Eyebright herb"";""Eyebright herb extract"";""Eyebright herb powder"";""Eyebright Powder"";""Eyebright [herb] 4:1 extract"";""organic Eyebright"";""wildcrafted Eyebright""",109,2
1902,Eysenhardtia polystachya,Botanical,1,"""Palo Azul""",1,1
