Ingredient - Group ID,Ingredient - Group Name,CATEGORY,# of Synonyms /Sources,Synonyms/Sources,# of Products,# of NHANES Products
2266,Haematococcus pluvialis,other,5,"""Haematococcus pluvialis"";""Haematococcus pluvialis Algae extract"";""homeopathically-formulated recombinant DNA Human Growth Hormone"";""organic Haematococcus pluvialis"";""supercritical CO2 extract of Haematococcus pluvialis""",20,0
261,Hafnium,Element,1,"""Hafnium""",23,1
3652,Halodrol,chemical,1,"""4-Chloro-17a-Methyl-Androst-1,4-Diene-3-17b-Diol""",5,0
3012,Harpagosides,chemical,1,"""Harpagosides""",2,0
2209,Hartstongue,Botanical,1,"""Hart's Tongue fern""",2,0
650,Hawthorn,Botanical,117,"""certified organic Hawthorn"";""Chinese Hawthorn"";""Chinese Hawthorn fruit 4:1 extract"";""Chinese Hawthorn fruit extract"";""Crataegus"";""Crataegus oxyacantha"";""Crataegus pinnatifida"";""Crataegus pinnatifida berry extract"";""Crataegus pinnatifida fruit"";""Cratageus oxyacantha"";""dried Hawthorn berry, flower & leaf extract"";""English Hawthorn"";""English Hawthorne"";""English Hawthorne Herbal Extract"";""European Hawthorne berry extract"";""fresh Hawthorn"";""fresh Hawthorn Berry"";""Fresh Hawthorn berry extract"";""Fresh Hawthorn flower extract"";""Hawthorn"";""Hawthorn  berry powder"";""Hawthorn (berry) extract"";""Hawthorn (C. pinnatifida) fruit extract"";""Hawthorn (crataegus laevigata) aerial parts Liquid Extract"";""Hawthorn (Crataegus laevigata) berries extract"";""Hawthorn (Crataegus laevigata) berry extract"";""Hawthorn (Crataegus laevigata) berry std. extract"";""Hawthorn (Crataegus laevigata) bud extract"";""Hawthorn (Crataegus laevigata) extract"";""Hawthorn (Crataegus laevigata) leaf/flower extract"";""Hawthorn (Crataegus laevigata) powder"";""Hawth""",694,28
1849,Hazelnut,Botanical,2,"""European Filbert"";""Hazelnuts""",3,0
800,Header,Header,1236,"""(CNS) Stimulation / Focus Cocktail:"";""(Nutritrophic Core Level Process Glands)"";""(Omega-3 Fatty Acids from Fish Oil and Flaxseed Oil)"";""(Typical Amino Acid Profile)"";""100% Certified Organic Vitamins & Minerals"";""100% Euphausia superba Antarctic Krill Oil"";""100% Natural Vitamin E:"";""100% organic ingredients"";""100% Pumpkin seed Oil"";""100% Whole Food Nutrients"";""117 mg of tissue concentrates"";""12 Strain Probiotic Blend"";""15 Billion Live Cultures Per Capsule:"";""180 mg of Glandular Concentrates"";""2:1:1 BCAA"";""2:1:1 BCAA Matrix"";""2Shredded(TM) Thermogenic Blend"";""3-Strain probiotic blend:"";""329 mg Tissue Concentrate"";""332 mg of the following (NUTRITROPHIC CORE LEVEL PROCESS GLANDS)"";""4 billion organisms per gram at time of manufacture, providing the following minimum potencies guaranteed through expiration date."";""410 mg of Glandulars"";""4:1 Herbal Extracts:"";""4:1 Juice Concentrates:"";""5:1 Herbal Extracts:"";""6x Clinical Burn Blend:"";""A 50:50 blend of"";""A Little Enzyme"";""A Proprietary Blend of"";""A proprietary blend o""",16982,923
2913,Heal-All,botanical,4,"""Heal All (fruit) concentrate"";""Prunella"";""Prunella vulgaris"";""Self-Heal""",4,0
1761,Heart,Animal Part or Source,10,"""ABGland Heart"";""Bovine (Bos taurus) Heart"";""Bovine Heart PMG extract"";""Heart"";""Neonatal Heart"";""Neonatal Heart Concentrate"";""Raw Heart"";""Raw Heart Concentrate"";""Raw Heart Concentrate Complex"";""raw Heart Tissue""",35,2
1966,Heart's Ease,Botanical,3,"""Heartsease"";""Viola"";""Violet flowering herb (Viola tricolor) extract""",9,0
1682,Heather,Botanical,4,"""Heather"";""Heather (Calluna vulgaris) young shoot extract"";""infusion (1:6000) of Calluna vulgaris"";""infusion of Heather""",9,0
1439,Hedracoside,Chemical,1,"""Hederocoside""",2,0
240,Hedychium Spicatum,Botanical,1,"""Hedychium spicatum""",2,0
1446,Hekla Lava,Botanical,1,"""Hekla Lava 10x, 30x & LM1""",1,0
1448,Hellebor nipper,Botanical,1,"""Hellebor Nipper 10x, 30x & LM1""",1,0
459,Hemicellulase,Enzyme,4,"""Hemi-Cellulase"";""Hemicellulase"";""HemiSEB"";""HemiSEB(TM)""",526,16
3620,Hemidesmus,botanical,4,"""Anantamool powder"";""East Indian Sarsaparilla"";""Hemidesmus indicus"";""organic Indian Sarsaparilla""",7,0
2194,Hemlock,Botanical,2,"""HMRlignan"";""HMRlignan Norway Spruce (Picea abies) Lignan extract""",3,1
3420,Hemlock spruce,botanical,7,"""HMR lignan"";""HMR Norway Spruce Lignan extract"";""HMRlignan"";""HMRlignan Norway Spruce (Picea abies) (knot wood) extract"";""HMRlignan Norway Spruce (Picea abies) lignan extract"";""Norway Spruce extract"";""Norway Spruce Lignan extract""",19,0
1979,Hemp,TBD,17,"""Cannabinoid extract"";""Heavenly hemp"";""Hemp"";""Hemp extract"";""Hemp Flour"";""Hemp oil"";""Hemp powder"";""Hemp Protein"";""Hemp seed (whole husk) powder"";""Hemp seed Flour"";""Hemp seed Oil"";""Hulled Hemp"";""organic Hemp"";""organic Hemp (Cannabis sativa) seed oil"";""organic Hemp seed powder"";""raw organic Hemp"";""sprouted Hemp""",67,0
57,Hemp Agrimony,Botanical,1,"""Hemp Oil""",1,0
2812,Hemp oil,fat,5,"""certified organic Hemp Seed Oil"";""Hemp Oil"";""Hemp Oil extract"";""organic Hemp seed Oil"";""VESIsorb HEMPCHOICE PCR Hemp Oil extract""",14,0
1815,Hemp Protein,Protein,7,"""Hemp Protein"";""Hemp Protein powder"";""Hemp seed protein"";""Hemp seed protein powder"";""organic Hemp Protein"";""organic Hemp Protein powder"";""organic Hemp seed Protein""",93,0
2393,Hempnettle,botanical,2,"""Bionectria ochroleuca"";""Galeopsis ochroleuca""",2,0
1996,Henbane,Botanical,2,"""Khurasani Ajwain"";""Khurasani Ajwain powder""",4,0
3415,Heneicosapentaenoic acid,fatty acid,1,"""Heneicosapentaenoic Acid""",13,1
2453,Hericium mushroom,other,24,"""dried Lion's Mane (Hericium erinaceus) fruitbody extract"";""fresh Lion's Mane (Hericium erinaceus) mycelium extract"";""Hericium"";""Hericium erinaceus"";""Hericium erinaceus culture"";""Hericium erinaceus extract"";""Lion's Mane"";""Lion's Mane (Hericium erinaceus) fruiting body extract"";""Lion's Mane (Hericium erinaceus) fruiting body extract Blend"";""Lion's Mane fruiting body proprietary extract"";""Lion's Mane Mushroom"";""Lions Mane"";""Lion?s Mane"";""Lion?s Mane fruiting body extract"";""organic fermented Lion's Mane Mushroom"";""organic Hericium erinaceus"";""organic Lion's Mane"";""organic Lion's Mane (Hericium erinaceaus) Mushroom"";""organic Lion's Mane Mushroom"";""organic Lions Mane Mushroom"";""organic Yamabushitake"";""Yamabushitake"";""Yamabushitake (Hericium erinaceus) Mushroom"";""Yamabushitake Mushroom""",134,8
83,Hesperidin,Botanical,21,"""(S)-2,3-dihydro-5,7- dihydroxy-2-(3-hydroxy- 4-methoxyphenyl)-4H-1- benzopy-ran-4-one"";""3?,5,7-Trihydroxy-4?-Methoxyflavone"";""50 mg hesperidin"";""Hesperedin"";""Hesperidin"";""Hesperidin 40% Complex"";""Hesperidin Bioflavonoid"";""Hesperidin Bioflavonoid extract"";""Hesperidin Bioflavonoids"";""Hesperidin Complex"";""Hesperidin Concentrate"";""Hesperidin extract"";""Hesperidin flavanone glycoside"";""Hesperidin Methyl Chalcone"";""Hesperidin Methyl Chalcone concentrate"";""Hesperidin Methylchalcone"";""Hesperidina"";""Hesperitin"";""Hespiridin Complex"";""providing Hesperidin"";""Undiluted Hesperidin""",761,49
3586,Hexacosanol,chemical,1,"""Hexacosanol""",6,0
1451,Hexadecenoic Acid,Fatty Acid,1,"""Hexadecenoic Acid""",3,0
3447,Hexadrone,chemical,1,"""Hexadrone""",5,0
1229,Hibiscus,Botanical,18,"""Ellirose Hibiscus extract"";""Hibiscus"";""Hibiscus (Hibiscus sabdariffa L.) flower extract"";""Hibiscus (Hibiscus sabdariffa) calyces extract"";""Hibiscus (Hibiscus sabdariffa) extract"";""Hibiscus (Hibiscus sabdariffa) flower extract"";""Hibiscus extract"";""Hibiscus flower extract"";""Hibiscus flower powder"";""Hibiscus powder"";""infusion (1:6000) of Hibiscus rosa-sinensis"";""Ionic Alfalfa Hibiscus (Hibiscus sabdariffa) flower extract"";""organic Hibiscus"";""Red Tea"";""Red Tea extract"";""total alcohol free Hibiscus extract"";""Utirose(R) Hibiscus Flower (Hibiscus sabdariffa L.) Extract"";""UTIRose(TM) Hibiscus Extract""",109,2
2067,Higenamine,Chemical,5,"""Higenamine"";""Higenamine HCl"";""Higenamine Hydrochloride"";""Norcoclaurine"";""Norcoclaurine HCl""",76,4
3455,Highly branched cyclic dextrin,carbohydrate,1,"""Cluster Dextrin""",2,0
2959,Himalaya Berry,botanical,1,"""Rubus armeniacus""",1,0
3641,Himalayan Cedar,botanical,1,"""Deodar Cedar""",1,0
2885,Himalayan Fir,botanical,3,"""Abies webbina"";""Himalayan Fir"";""Talisa""",4,0
3714,Himalayan Rhubarb,botanical,1,"""Chopchinee""",3,0
1455,Himalayan Salt,Mineral,1,"""Himalayan Salt""",1,0
1766,Histidine,Amino Acid,6,"""AjiPure pharmaceutical grade L-Histidine"";""Histidine"";""L-Histidine"";""L-Histidine base"";""L-Histidine HCl"";""micronized L-Histidine""",495,7
246,HMB Hydroxymethylbutyrate,Chemical,7,"""CaHMB"";""Calcium"";""Calcium B-Hydroxy B-Methylbutyrate Monohydrate"";""Calcium HMB"";""HMB"";""HMB powder"";""HMB(TM)""",38,1
1456,Holarrhena antidysenterica,Botanical,6,"""Holarrbena antidysenterica"";""Holarrhena antidysenterica"";""Indrajav Churna"";""Kutaj Ghana"";""Kutaja"";""Kutaja bark powder""",6,0
1473,Holly,Botanical,6,"""Ilex aquifolium"";""Ilex guayusa"";""Illex guayusa"";""infusion (1:6000) of Ilex aquifolium"";""Pubescent Holly"";""{infusions of flowers of} Ilex aquifolium""",8,0
1457,Holmium,Element,1,"""Holmium""",23,1
2220,Holy Basil,Botanical,58,"""Biodynamic & organic Holy Basil"";""certified organic Holy Basil"";""certified organic Holy Basil extract"";""Holy Basil"";""Holy Basil (leaf) 10:1 extract"";""Holy Basil (leaf) 5:1 concentrate"";""Holy Basil (leaf) concentrate"";""Holy Basil (leaf) extract"";""Holy Basil (leaf) hydroethanolic extract"";""Holy Basil (leaf) steam-distilled extract"";""Holy Basil (Ocimum sanctum L.) extract"";""Holy Basil (Ocimum sanctum) (leaf) hydroethanolic extract"";""Holy Basil (Ocimum sanctum) (leaf) supercritical extract"";""Holy Basil (Ocimum sanctum) herb extract"";""Holy Basil (Ocimum sanctum) leaf extract"";""Holy Basil (Ocimum sanctum) leaf powder"";""Holy Basil (Ocimum santum) leaf extract"";""Holy Basil (Ocimum tenuiflorum) leaf extract"";""Holy Basil (Ociumum sanctum) extract"";""Holy Basil (Tulsi) extract"";""Holy Basil (whole plant) extract"";""Holy Basil aerial parts extract"";""Holy Basil ext."";""Holy Basil extract"";""Holy Basil herb (Ocimum tenuiflorum) extract"";""Holy Basil herb 10:1 extract"";""Holy Basil herb extract"";""Holy Basil Leaf 10:1 Extract"";""Hol""",359,6
465,Holy Basil Herb,Botanical,19,"""Holy Basil"";""Holy Basil (Ocimum sanctum) leaf extract"";""Holy Basil extract"";""Holy Basil Extract 4:1"";""Holy Basil herb 4:1 extract"";""Holy Basil Leaf Extract"";""Holy Basil leaf powder"";""Holy Basil leaves extract & Holy Basil leaves powder Blend"";""Holy Basil liquid extract"";""Krishna Tulsi"";""Ocimum sanctum"";""Ocimum sanctum leaf extract"";""Organic Holy Basil (Ocimum sanctum) leaf powder"";""organic Krishna Tulsi"";""organic Tulsi (Holy Basil) Blend"";""Organic Tulsi Blend"";""Rama Tulsi"";""Tulsi"";""Vana Tulsi""",90,2
1117,Honey,Other,17,"""dehydrated Honey"";""Honey"";""Honey crystals"";""Honey freeze dried extract"";""Honey powder"";""Manuka Honey"";""natural Honey"";""New Zealand medical grade Manuka Honey"";""Organic honey"";""organic Honey crystals"";""organic raw Honey powder"";""organic raw unfiltered Honey"";""pure Honey"";""raw Buckwheat Honey"";""raw Honey"";""Raw Unprocessed Honey"";""Wild Clover Honey""",73,1
2838,Honeybush (unspecified),botanical,1,"""organic Honeybush""",1,0
1811,Honeydew,Botanical,1,"""Honeydew Melon""",7,0
263,Honeysuckle,Botanical,11,"""Honeysuckle"";""Honeysuckle powder"";""infusion (1:6000) of Honeysuckle (Lonicera caprifolium)"";""infusion (1:6000) of Lonicera caprifolium"";""Japanese Honeysuckle"";""Japanese Honeysuckle extract"";""Japanese honeysuckle flower extract"";""Jin Yin Hua"";""Lonicera"";""Lonicera japonica"";""Lonicera japonica flower extract""",112,6
2777,Honeysuckle (unspecified),botanical,2,"""Japanese Honeysuckle"";""Lonicera""",15,0
666,Hoodia ,Botanical,31,"""1065mg of Hoodia Gordonii powder"";""Cactus"";""certified South African Hoodia gordonii Cactus"";""Hoodia"";""Hoodia 1400 Complex"";""Hoodia Cactus 12:1 concentrate"";""Hoodia extract"";""Hoodia Gordoni"";""Hoodia gordonii"";""Hoodia gordonii (cactus) extract"";""Hoodia gordonii (fresh stem) 20:1"";""Hoodia gordonii (fruit) 12:1 extract"";""Hoodia gordonii 12:1 concentrate"";""Hoodia gordonii 20:1"";""Hoodia gordonii 20:1 extract"";""Hoodia gordonii Cactus"";""Hoodia Gordonii cactus extract"";""Hoodia gordonii extract"";""Hoodia gordonii plant extract 20:1"";""Hoodia Gordonii Powder"";""Hoodia gordonii stem extract"";""organic Hoodia Cactus"";""SA Hoodia"";""Selectively Imported and Tested South African Hoodia gordonii Aerial Parts"";""selectively imported Hoodia gordonii"";""selectively imported South African Hoodia gordonii"";""South African Hoodia Cordonii succulent complex"";""South African Hoodia Gordoni"";""South African Hoodia Gordonii"";""South African hoodia Gordonii Extract 20:1"";""South African Hoodia gordonii Succulent Complex""",112,3
466,Hops ,Botanical,69,"""certified organic Hops"";""Estro8PN Hop extract"";""Estro8PN hops extract"";""Female Hops cone extract"";""fresh Hops strobile extract"";""Hop cone powder"";""Hops"";""Hops (cone) extract"";""Hops (flower) extract"";""Hops (flowers) 4:1 extract"";""Hops (Humulus lupulus L.) Cone 7.5:1 Extract"";""Hops (Humulus lupulus L.) extract"";""Hops (Humulus lupulus L.) strobile powder"";""Hops (Humulus lupulus) extract"";""Hops (Humulus lupulus) flower extract"";""Hops (Humulus lupulus) Flower Extract 6.6:1"";""Hops (Humulus lupulus) strobile extract"";""Hops (Humulus lupulus) Strobile Extract 5:1"";""Hops (Humulus lupulus, L.) Dried Extract"";""Hops (strobile) extract"";""Hops (strobile) powder"";""Hops 4:1 extract"";""Hops aerial parts extract"";""Hops blossom extract"";""Hops cone (fresh) extract"";""Hops Cone 7.5:1 Extract"";""Hops cone ext"";""Hops cone extract"";""Hops Cones Extract"";""Hops extract"";""Hops Female Strobiles Herbal Extract"";""Hops flower"";""Hops flower extract"";""Hops flower powder"";""Hops flower Supercritical CO2 Extract"";""Hops flowers 4:1 extract"";""Hops flo""",350,9
1118,hordenine,Botanical,3,"""Hordenine"";""Hordenine HCl"";""Hordenine Hydrochloride""",143,1
1226,Horehound,Botanical,9,"""fresh Horehound flowering tops extract"";""Horehound"";""Horehound (Marrubium spp) herb extract"";""Horehound (Marrubium vulgare) aerial parts extract"";""Horehound aerial parts extract"";""Horehound extract"";""Horehound Extract (Herb) 4.1"";""Horehound flowering herb (Marrubium vulgare) extract"";""Horehound leaf liquid extract""",76,1
306,Horny Goat Weed,Botanical,33,"""Barrenwort Extract"";""Epidmedium"";""Epimedium"";""Epimedium (Epimedium koreanum) aeiral part extract"";""Epimedium (Epimedium koreanum) aerial part extract"";""Epimedium (Epimedium sagittatum) (Horny Goat Weed) powder"";""Epimedium (Epimedium sagittatum) aerial parts extract"";""Epimedium (Horny Goat Weed) extract"";""Epimedium (Horny Goat Weed) herb"";""Epimedium brevicornum"";""Epimedium brevicornum extract"";""Epimedium extract"";""Epimedium grandiflorum"";""Epimedium grandiflorum 4:1 extract"";""Epimedium herb extract"";""Epimedium koreanum"";""Epimedium PWD"";""Epimedium sagittatum"";""Epimedium sagittatum powder"";""Epimedium stem & leaf extract"";""Herba Epimedii"";""Horny Goat"";""Horny Goat extract"";""Horny Goat Weed"";""Horny Goat Weed (Epimedium extract)"";""Horny Goat Weed (Epimedium sagittatum) extract"";""Horny Goat Weed (Epimedium Sagittatum) Stem and Leaf Extract"";""Horny Goat Weed aerial parts"";""Horny Goat Weed extract"";""Horny Goat Weed herb extract"";""Horny Goat Weed leaf extract"";""Horny Goat Weed powder"";""Yin Yang Huo""",182,9
1223,Horse Chestnut,Botanical,30,"""2:1 extract standardized to 56 mg aescin"";""Aesculus carnea"";""Aesculus hippocastanum"";""certified organic Horse Chestnut"";""Escin"";""fresh Horse Chestnut seed extract"";""Horse Chestnut"";""Horse Chestnut (Aesculus hippocastanum) (seed) extract"";""Horse Chestnut (Aesculus hippocastanum) bud extract"";""Horse Chestnut (Aesculus hippocastanum) extract"";""Horse Chestnut (Aesculus hippocastanum) seed extract"";""Horse Chestnut (extract)"";""Horse Chestnut (seed) extract"";""Horse Chestnut extract"";""Horse Chestnut Extract 10:1"";""Horse chestnut extract 4:1"";""Horse Chestnut Powder"";""Horse Chestnut seed (Aesculus hippocastanum) extract"";""Horse Chestnut seed ext."";""Horse Chestnut Seed Extract"";""Horse Chestnut seed powder"";""Horse Chestnut seed standardized extract"";""Horse Chestnut Standardized Extract"";""Horsechestnut"";""Horsechestnut seed extract"";""infusion (1:6000) of Aesculus hippocastanum"";""organic Horse Chestnut"";""standardized to contain 33 mg aescin"";""Venocin"";""Venocin Horse Chestnut extract""",122,7
1222,Horseradish,Botanical,16,"""Armoracia rusticana root concentrate extract"";""fresh Horseradish"";""Horseradish"";""Horseradish dehydrate"";""Horseradish extract"";""Horseradish organic vegetable powder"";""Horseradish Powder"";""Horseradish root (Armoracia rusticana) extract"";""Horseradish root extract"";""Horseradish Root Powder"";""Horseradish tree"";""Moringa (Horseradish tree) (Moringa oleifera) powder"";""organic Horseradish"";""organic Horseradish powder"";""organic Horseradish Tree"";""{organic} Horseradish powder""",62,3
84,Horsetail,Botanical,70,"""certified organic Horsetail"";""cola de caballo"";""cola de caballo (hierva)"";""dried Horsetail herb extract"";""Equisetum"";""Equisetum arvense"";""Equisetum arvense Stem Extract"";""Field Horsetail (Equisetum arvense) extract"";""fresh Horsetail"";""Horse Tail"";""Horse Tail standardized extract"";""Horsetail"";""Horsetail (aerial part) (fresh) extract"";""Horsetail (Equisetum arvense) 4.7:1 Aerial Part Extract"";""Horsetail (Equisetum arvense) aerial extract"";""Horsetail (Equisetum arvense) aerial parts extract"";""Horsetail (Equisetum arvense) aerial parts std. extract"";""Horsetail (Equisetum arvense) extract"";""Horsetail (Equisetum arvense) herb extract"";""Horsetail (Equisetum arvense) powder"";""Horsetail (Equisetum arvense) whole herb extract"";""Horsetail (Equisetum arvense) [stem] extract"";""Horsetail (Equistum arvense) Extract"";""Horsetail (stem) extract"";""Horsetail (stems) extract"";""Horsetail 4-7:1"";""Horsetail 4:1 extract"";""Horsetail Aerial Extract"";""Horsetail aerial part powder"";""Horsetail aerial parts (Equisetum arvense) extract"";""Hor""",535,34
2956,Hound's Tongue,botanical,1,"""infusion of Hound's Tongue""",1,0
1458,Houttynia,Botanical,3,"""dried Houttuynia herb extract"";""Houttuynia"";""Houttuynia leaf extract""",4,0
1200,Hu Zhang,Botanical,42,"""200:1 standardized Polygonum cuspidatum root extract"";""Chinese Knotwood extract"";""Fleeceflower"";""from 10 mg Polygonum cuspidatum"";""from 20 mg Polygonum cuspidatum"";""from 200 mg Polygonum cuspidatum"";""from 40 mg Polygonum cuspidatum"";""from 400 mg Polygonum cuspidatum"";""Giant Knotweed"";""He Shou Wu root (Reynoutria multiflora) extract"";""Hi-ResV(TM) brand"";""Hu Zhang"";""Hu Zhang (Polygonum cuspidatum) (root and rhizome) hydroethanolic extract"";""Huai Mi"";""Japanese Knotweed"";""Japanese Knotweed (Polygonum cuspidatrum), root, dried extract"";""Japanese Knotweed (Polygonum cuspidatum) (root) extract"";""Japanese Knotweed (Polygonum cuspidatum) root and rhizome extract"";""Japanese Knotweed (Polygonum cuspidatum) root extract"";""Japanese Knotweed (root & rhizome) extract"";""Japanese Knotweed (root) extract"";""Japanese knotweed extract"";""Japanese knotweed root and rhizome extract"";""Japanese Knotweed root extract"";""Japanese Knotwood"";""Japanese Knotwood (root) extract"";""natural wild Polygonum cuspidatum"";""P. cuspidatum"";""Polygonum c""",217,14
1280,Humic Acid,Botanical,5,"""Fulvic Acid powder"";""Humic Acid"";""Humic Acid Complex"";""Humic Acid extract"";""Humic Mineral""",28,1
3336,Huperzine,chemical,2,"""Huperzine A"";""Huperzine-A""",87,2
708,Huperzine-A,Chemical,15,"""Huperzia serrata"";""Huperzia serrata leaf extract"";""Huperzia serrata leaf standardized extract"";""Huperzine"";""Huperzine 5%"";""Huperzine A"";""Huperzine A (Huperzia serrata) extract"";""Huperzine A 1%"";""Huperzine A extract"";""Huperzine Alkaloids"";""Huperzine Complex"";""Huperzine extract"";""Huperzine-A"";""Hurperzine A"";""L-Huperazine A 5% Extract""",164,3
467,Hyaluronic Acid,Other,20,"""as Sodium Hyaluronate"";""HA"";""high-molecular-weight Hyaluronic Acid"";""Hyabest (J)"";""Hyabest (S)"";""Hyabest (S) Hyaluronic Acid"";""Hyabest Hyaluronic Acid"";""Hyal-Joint"";""Hyal-Joint Hyaluronic Acid"";""Hyaluronan"";""Hyaluronic Acid"";""Hyaluronic Acid Blend"";""Hyaluronic Acid powder"";""Hyaluronic acid sodium salt"";""HyaMax(R) natural Hyaluronic Acid"";""Injuv"";""Injuv(R) Hyaluronic Acid"";""Joint Fluid"";""Natural Hyaluronic Acid"";""Sodium Hyaluronate""",503,66
1459,Hydrangea,Botanical,12,"""dried Hydrangea root extract"";""Hydrangea"";""Hydrangea (Hydrangea arborescens) root extract"";""Hydrangea (root) extract"";""Hydrangea 4:1 extract"";""Hydrangea extract"";""Hydrangea root (Hydrangea arborescens) extract"";""Hydrangea root 4:1 extract"";""Hydrangea root extract"";""Hydrangea root powder"";""wildcrafted Hydrangea"";""wildcrafted organic Hydrangea""",70,1
1119,hydrastine,Other,1,"""Hydrastine""",5,0
3071,Hydrilla,botanical,2,"""Hydrilla Algae powder"";""wildcrafted Hydrilla""",3,0
1767,Hydrilla Verticillata,Botanical,4,"""Hydrilla"";""Hydrilla powder"";""Hydrilla verticillata"";""Hydrilla verticillata powder""",11,1
1460,hydrocloride,Chemical,1,"""Hydrochloride""",1,0
1445,Hydrogen Chloride,Chemical,1,"""HCl sodium salt""",1,0
1461,hydrogen Citrate,Chemical,1,"""Hydrogen Citrate""",5,0
3327,Hydrogen peroxide,chemical,1,"""food grade Hydrogen Peroxide""",2,0
1462,hydrogen sulfate,Chemical,1,"""Hydrogen Sulfate""",2,0
2530,Hydrolyzed Casein,protein,1,"""Casein Hydrolysate""",1,0
2581,Hydrolyzed Collagen (unspecified),protein,3,"""60% hydrolyzed Collagen Type II"";""Hydrolysed Fish Collagen"";""Hydrolyzed Collagen""",8,2
2528,hydrolyzed Lactalbumin,protein,1,"""hydrolyzed Lactalbumin""",2,0
1465,Hydrophilic Hypromellose Polymers,Chemical,1,"""Hydrophilic Hypromellose Polymers""",1,0
2324,Hydroxycitric Acid,chemical,10,"""(-) - Hydroxycitric Acid"";""(-) Hydroxycitric Acid"";""(-)Hydroxycitric Acid"";""- 95% Total HCA"";""60% Hydroxycitric Acid"";""HCA"";""Hydroxycitric Acid"";""standardized 50% [-]Hydroxycitrate"";""Total (-) - Hydroxycitric Acid"";""total Hydroxycitric Acid""",39,0
3736,Hydroxylysine,amino acid,1,"""Hydroxylysine""",2,0
2647,hydroxymatairesinol,chemical,1,"""patented extract of 7-Hydroxymatairesinol HMRLignan""",1,0
1620,Hydroxymethylbutyrate,Chemical,4,"""Beta-Hydroxy-Beta-Methylbutyrate"";""Calcium HMB"";""HMB"";""HMB Free Acid""",22,0
1769,hydroxyproline,Amino Acid,2,"""Hydroxyproline"";""L-Hydroxyproline""",15,0
1121,Hydroxypropyl Beta Cyclodextrin,Other,2,"""Hydroxypropyl Beta Cyclodextrin"";""HydroxyPropylBetaCyclodextrin""",2,0
3189,Hydroxypropyl beta-cyclodextrin,other,1,"""Hydroxypropyl-Beta-Cyclodextrin""",7,0
1120,Hydroxypropyl methyl cellulose,Other,1,"""Hydroxpropyl Methylcellulose""",1,0
3475,Hydroxytyrosol,chemical,1,"""Hydroxytyrosol""",4,0
3015,Hygrophilia,botanical,3,"""Asteracantha longifolia"";""Hygrophilia"";""Hygrophilia extract""",2,0
2018,Hyparrhenia hirta,Botanical,1,"""Thatch Grass""",1,0
1122,hyperforin,Botanical,1,"""Hyperforin""",1,0
2501,Hypericin,chemical,3,"""Hypericin"";""Hypericins"";""standardized extract 0.3% yielding Hypericins""",6,0
2842,Hyperimmune milk peptides,protein,2,"""MicroLactin"";""MicroLactin Milk Protein Concentrate""",4,0
1770,Hypothalamus,Animal Part or Source,8,"""ABgland Hypothalamus"";""bovine hypothalamus"";""Hypothalamus"";""Hypothalamus ABGland Bovine"";""Hypothalamus extract"";""Hypothalamus Substance"";""Hypothalamus tissue"";""Hypothalmus""",20,1
1124,Hypromellose,Other,5,"""HLC Consortium"";""HPMC"";""Hydroxypropyl Methylcellulose"";""Hydroxypropylmethyl Cellulose"";""Hypromellose""",8,0
3224,Hypsizygus marmoreus,other,1,"""Hypsizygus marmoreus""",1,0
1589,Hyssop,Botanical,19,"""Agastache"";""Bacopa extract"";""Bacopa monniera"";""certified organic Hyssop"";""Chinese Giant Hyssop"";""Extracts of Chinese Giant Hyssop"";""fresh Hyssop flowering tops extract"";""Hyssop"";""Hyssop (Hyssopus officinalis) aerial parts extract"";""Hyssop (Hyssopus officinalis) flowers extract"";""Hyssop (Hyssopus officinalis) herb top extract"";""Hyssop decumbens essential oil"";""Hyssop extract"";""Hyssop flower extract"";""Hyssop flowering herb (Hyssopus officinalis) extract"";""Hyssop powder"";""Hyssopus officinalis leaf extract"";""infusion (1:6000) of Agastache urticifolia"";""Organic hyssop herb""",76,2
