Ingredient - Group ID,Ingredient - Group Name,CATEGORY,# of Synonyms /Sources,Synonyms/Sources,# of Products,# of NHANES Products
1069,Radish,Botanical,21,"""Black radish"";""Black Radish powder"";""Black Radish root powder"";""Daikon"";""Daikon Radish"";""organic Black Radish"";""organic Daikon Radish"";""organic Daikon Radish sprout"";""organic Radish"";""organic Red Radish"";""organic Red Radish sprout"";""Radis Rehmanniae"";""Radish"";""Radish extract"";""Radish powder"";""Radish root powder"";""Raphanus sativus"";""Red Radish"";""Red Radish extract"";""Red Radish sprouts"";""Spanish black radish""",169,3
2134,Rapeseed,Botanical,1,"""Canola""",1,0
1914,Raspberry,Botanical,43,"""Black Raspberry"";""Black {Raspberry}"";""certified organic Raspberry Puree"";""dried Raspberry leaf extract"";""organic Raspberry"";""Organic Raspberry (Rubus idaeus) Whole Fruit Powder"";""organic Raspberry fruit powder"";""organic Raspberry leaf powder"";""organic Raspberry powder"";""organic Raspberry puree"";""organic Red Raspberry"";""organic wild Raspberry"";""pure Raspberry Ketone extract"";""Raspberries"";""Raspberry"";""Raspberry (Rubus idaeus) juice extract"";""Raspberry (Rubus idaeus) powder"";""Raspberry (Rubus idaeus) seed extracts"";""Raspberry (Rubus idaeus) young shoot extract"";""Raspberry (seed) powder"";""Raspberry concentrate"";""Raspberry ext."";""Raspberry extract"";""Raspberry fruit extract"";""Raspberry fruit pdr."";""Raspberry fruit powder"";""Raspberry juice crystals"";""Raspberry juice extract"";""Raspberry juice powder"";""Raspberry organic fruit powder"";""Raspberry powder"";""Raspberry powder extract"";""Raspberry Rubus idaeus (seed) powder"";""Raspberry Rubus idaeus powder"";""Raspberry seed"";""Raspberry seed concenatrate"";""Raspberry seed concen""",347,17
2686,Raspberry (unspecified),botanical,15,"""organic Raspberry"";""organic Raspberry powder"";""Raspberries"";""Raspberry"";""Raspberry (fruit) concentrate"";""Raspberry (fruit) powder"";""Raspberry (seed) powder"";""Raspberry concentrate"";""Raspberry fruit powder extract"";""Raspberry juice extract"";""Raspberry juice powder"";""Raspberry powder"";""Raspberry seed concentrate"";""Raspberry seed powder"";""wild Raspberry""",187,6
3353,Raspberry ketone,chemical,5,"""Raspberry Ketone"";""Raspberry Ketone 98% extract"";""Raspberry Ketones"";""Razberi-K Metabolic Enhancer"";""Red Raspberry Ketones""",112,7
1562,Raspberry Ketones,Botanical,17,"""natural Raspberry Ketones"";""PURE RAS Raspberry Ketone extract"";""pure Raspberry Ketones"";""Purple Raspberry Ketones"";""Raspberry K(TM)"";""Raspberry Ketone"";""Raspberry Ketone extract"";""Raspberry Ketones"";""Raspberry-K"";""Razberi K(R) Raspberry Ketones"";""Razberi-K"";""Razberi-K 99% authentic Raspberry Ketone extract"";""Razberi-K 99% Raspberry Ketones"";""Razberi-K Raspberry Ketone"";""Razberi-K Raspberry Ketones"";""Razberi-K(R)"";""Razbery-K(TM)""",80,4
2871,Raspberry Oil,fat,1,"""Red Raspberry seed Oil""",1,0
3086,Rauvolfia vomitoria,botanical,6,"""Rauvolfia vomitoria extract"";""Rauwolfia vomitoria"";""Rauwolfia vomitoria bark extract"";""Rauwolfia vomitoria extract"";""Rauwolfia vomitoria root bark extract"";""Rauwolfia vomitoria root extract""",118,0
2781,Rauwolscine,chemical,4,"""Alpha Yohimbe"";""Alpha Yohimbine"";""Alpha-Yohimbine"";""Rauwolscine""",38,1
3378,Red Alder,botanical,1,"""dried Red Alder bark extract""",1,0
2516,Red Algae,other,7,"""calcified Red Algae"";""Gigartina skottsbergii ext."";""Gigartina skottsbergii extract"";""Red Algae"";""Red Algae powder"";""Red Marine (Algae)"";""Red Marine Algae""",29,0
1696,Red Bush Tea,Botanical,9,"""Aspalathus linearis extract"";""organic Rooibos"";""organic Rooibos extract"";""organic Rooibos Tea extract"";""Rooibos"";""Rooibos (Aspalathus linearis) (leaf/stem) extract"";""Rooibos extract"";""Rooibos leaf powder"";""Rooibos Tea powder""",18,0
112,Red Clover,Botanical,56,"""certified organic Red Clover"";""dried Red Clover extract"";""dried Red Clover flowers extract"";""fresh Red Clover"";""infusion (1:6000) of Trifolium pratense"";""LINNEAssure Red Clover extract"";""org. Red Clover flower and leaf extract"";""organic Red Clover"";""organic Red Clover extract"";""organic Red Clover powder"";""organic Red Clover sprout"";""Organic Red Clover tops extract"";""organic Red Clover [flower, leaf] 4:1 extract"";""raw Red Clover powder"";""Red Clover"";""Red Clover (blossom) ext."";""Red Clover (blossoms) 2:1 extract"";""Red Clover (blossoms) Powder"";""Red Clover (flower) extract"";""Red Clover (Trifolium pratense) (herb) {extract}"";""Red Clover (Trifolium pratense) (leaf) extract"";""Red Clover (Trifolium pratense) blossom extract"";""Red Clover (Trifolium pratense) flower extract"";""red clover (Trifolium pratense) flowering top extract"";""Red Clover (Trifolium pratense) flowering tops extract"";""Red Clover (Trifolium pratense) whole herb extracts"";""Red Clover 1% extract"";""Red Clover 4:1 extract"";""Red Clover blossom extract"";""R""",424,20
3403,Red Currant,botanical,1,"""Red Currant fruit powder""",1,0
3010,Red Larkspur,botanical,1,"""Delphinium nudicaule""",1,0
113,Red Raspberry,Botanical,54,"""certified organic Red Raspberry"";""certified organic Red Raspberry fruit powder"";""dried Raspberry juice"";""frambuesa roja"";""organic Raspberry"";""organic Raspberry juice"";""organic Raspberry powder"";""organic Red Raspberry"";""Raspberry"";""Raspberry (Rubus idaeus ssp.) concentrate"";""Raspberry (Rubus idaeus) and Raspberry seed extract"";""Raspberry (Rubus idaeus) young shoot extract"";""Raspberry Extract"";""Raspberry fruit powder"";""Raspberry juice concentrate"";""Raspberry juice crystals"";""Raspberry Ketones"";""Raspberry leaf fluid extract"";""Raspberry leaf powder"";""Raspberry Powder"";""Raspberry Seed"";""Raspberry seed extract"";""Razberi-K"";""Razberi-K Raspberry Ketones"";""Red Raspberries"";""Red Raspberries extract"";""Red Raspberry"";""Red Raspberry (fruit) powder"";""Red Raspberry (Rubus idaeus ssp.) powder"";""Red Raspberry (Rubus idaeus) extract"";""Red Raspberry (Rubus idaeus) fruit extract"";""Red Raspberry (Rubus idaeus) leaf extract"";""Red Raspberry (Rubus idaeus) powder"";""Red Raspberry 2:1 extract"";""Red Raspberry Exract"";""Red raspberry ext""",597,29
2859,Red root (unspecified),botanical,3,"""Chinese Salvia root extract"";""Red Root"";""Red root extract""",19,0
2171,Red Sandalwood,Botanical,1,"""Pterocarpus santalinus""",1,0
3610,Red Spiderling,botanical,1,"""Boerhavia""",9,0
3401,Red Spruce,botanical,1,"""Red Spruce""",1,0
2301,Red Wine,other,14,"""BioVin Advanced Red Wine extract"";""MegaNatural Red Wine concentrate"";""non-alcoholic Red Wine extract"";""organic French whole Red Wine Grape"";""Red Wine"";""Red Wine (Vitis vinifera) extract"";""Red Wine (Vitis vinifera) powder"";""Red Wine Concentrate"";""Red Wine concentrate standardized extract"";""Red Wine extract"";""Red Wine fruit extract"";""Red Wine Grape"";""Red Wine Matrix"";""Red Wine standardized extract""",95,5
1213,Red Yeast,Botanical,11,"""organic handmade Koji rice"";""Organic Red Yeast Rice"";""organic Red Yeast Rice powder"";""Red Rice Yeast"";""Red rice yeast extract"";""Red Yeast Rice"";""Red Yeast Rice (Monascus purpureus) powder"";""Red Yeast Rice Concentrate"";""Red Yeast Rice Extract"";""Red Yeast Rice Extract (Monascus purpureus) Concentrated"";""Red Yeast Rice powder""",91,11
2356,Red Yeast Rice,other,7,"""Mucuna pruriens"";""organic Red Yeast Rice"";""Red Yeast Rice"";""Red Yeast Rice extract"";""Red Yeast Rice powder"";""RYR-MAX(TM) Red Yeast Rice powder"";""RYR-VA Red Yeast Rice""",91,7
2635,Red-Rooted Sage,botanical,5,"""Chinese Salvia"";""Chinese Salvia root & rhizome extract"";""Chinese Salvia root extract"";""Salvia"";""Salvia miltiorrhiza""",35,0
403,Reed Herb,Botanical,3,"""Phragmites"";""Phragmites communis"";""Phragmites extract""",24,0
586,Rehmannia,Botanical,18,"""dried Rehmannia processed root extract"";""dried unprocessed Rehmannia root extract"";""prepared Rehmannia"";""processed Rehmannia"";""processed Rehmannia root extract"";""Rehmannia"";""Rehmannia (Rehmannia glutinosa) root (5:1) extract"";""Rehmannia (Rehmannia glutinosa) root extract"";""Rehmannia (root) conc."";""Rehmannia extract"";""Rehmannia glutinosa"";""Rehmannia glutinosa root extract"";""Rehmannia glutinsosa root extract"";""Rehmannia liquid extract"";""Rehmannia root"";""Rehmannia root extract"";""Sheng Di Huang"";""unprocessed Rehmannia root extract""",200,5
3223,Reishi,other,8,"""Artist's Conk"";""Black Reishi Mushroom"";""Ganoderma lucidum"";""Red Reishi Mushroom"";""Reishi"";""Reishi extract"";""Reishi Mushroom"";""Reishi Mushroom extract""",26,0
327,Reishi mushroom,Botanical,74,"""derived from Reishi"";""dried Reishi (Ganoderma lucidum s.l.) fruitbody extract"";""fermented organic Reishi Mushroom"";""fresh Reishi (Ganoderma lucidum s.l.) mycelium extract"";""fruiting bodies of Reishi"";""Ganoderma"";""Ganoderma lucidum"";""Ganoderma lucidum culture"";""Ganoderma lucidum extract"";""Ganoderma lucidum fungus (Reishi) extract"";""Ganoderma lucidum fungus extract"";""Ganoderma lucidum mycelial extract"";""Ganoderma Mushroom"";""mature Reishi Mushroom extract"";""Mushroom"";""Oregon Reishi"";""org. Red Reishi fruiting body extract"";""organic ""Red"" Reishi Mushroom"";""organic fermented Reishi Mushroom"";""organic Red Reishi"";""organic Red Reishi (Lingzhi) mycelium powder"";""organic Red Reishi Mushroom extract"";""organic Reishi"";""organic Reishi (Ganodema lucidum) Mushroom"";""organic Reishi (Ganoderma lucidum) 30:1 extract"";""Organic Reishi (Ganoderma lucidum) fruit body extract"";""organic Reishi (Ganoderma lucidum) Mushroom"";""Organic Reishi (Ganoderma lucidum) mushroom powder"";""organic Reishi Mushroom"";""organic Reishi Mushroom powder""""",611,16
438,Resveratrol,Chemical,71,"""(E)-5-(4-hydroxystyryl)benzene-1,3-diol"";""100% Trans-Resveratrol"";""25 mg Resveratrol"";""50 mg Resveratrol"";""50% natural Trans-Resveratrol"";""50% Resveratrol"";""50% Trans-Resveratrol"";""99% Trans-Resveratrol"";""active Trans-Resveratrol"";""and {Guaranateed} 15 mg [20%] Transresvertrol"";""containing no less than 300 mg of trans-resveratrol"";""Free Resveratrol"";""from 200 mg Resveratrol 50% Extract"";""Guaranteed 30 mg [40%] Total Resveratrol"";""MicroActive Resveratrol"";""min. 3 mg Resveratrols"";""min. 6.4 mg Resveratrols"";""Myoleptin CLA"";""natural Trans Resveratrol"";""natural Trans-Resveratrol"";""PentaTrol Brand 5-Tier Trans-Resveratrol"";""PentaTrol(TM) Brand 5-Tier Trans-Resveratrol"";""premium Resveratrol"";""providing 100 milligrams of resveratrol"";""providing natural Trans Resveratrol"";""Pterostilbene"";""pure Trans-Resveratrol"";""purified Resveratrol"";""Resvenox"";""Resverapure brand Resveratrol"";""Resverapure(R) Resveratrol"";""Resveratrol"";""Resveratrol (Polygonum cuspidatum) (root) Extract"";""Resveratrol (Polygonum cuspidatum) Extract"";""R""",886,54
1158,Retinyl ,Vitamin,3,"""from Retinol"";""retinyl"";""Retinyl Palmitate""",10,0
1928,Rhamnus Nakaharai,Botanical,1,"""Rhabdosia""",1,0
1929,Rhaponticum,Botanical,5,"""Rhaponticum"";""Rhaponticum carthamoides"";""Rhaponticum carthamoides 95% extract"";""Rhaponticum Carthamoides 98% Extract"";""Rhaponticum carthamoides root extract""",15,0
2440,Rhaponticum carthamoides,botanical,5,"""Maral 4-6:1 extract"";""Maral extract"";""Rhaponticum carthamoides"";""Rhaponticum carthamoides 100:1 extract"";""Stemmacantha carthamoides""",7,1
1963,Rhemannia,Botanical,2,"""Di Huang"";""Rehmannia""",2,2
1930,Rhenium,Element,1,"""Rhenium""",22,1
1933,rhizopus oryzae,Botanical,1,"""Rhizopus oryzae""",4,0
115,Rhodiola ,Botanical,70,"""Arctic Root"";""Chinese Rhubarb extract"";""dried Rhodiola root extract"";""Golden Root"";""organic Rhodiola"";""organic Rhodiola root extract"";""organic Rhodiola rosea"";""organic Rhodiola rosea extract"";""organic Rhodiola [root] 4:1 extract"";""Rhodelia Rosea"";""Rhodiiola rosea (root) extract"";""Rhodilola Rosea"";""RhodioCare organic Rhodiola rosea extract"";""Rhodiola"";""Rhodiola (Rhodiola rosea) (root) extract"";""Rhodiola (Rhodiola rosea) (root) hydroethanolic extract"";""Rhodiola (Rhodiola rosea) extract"";""Rhodiola (Rhodiola rosea) powder"";""Rhodiola (Rhodiola rosea) root extract"";""Rhodiola (Rhodiola rosea) root extract WS1375"";""Rhodiola (Rhodiola rosea) root std. extract"";""Rhodiola (root) extract"";""Rhodiola (root) hydroethanolic extract"";""Rhodiola 8:1 whole root extract"";""Rhodiola crenulata"";""Rhodiola crenulata root extract"";""Rhodiola extract"";""Rhodiola flower extract"";""Rhodiola PE"";""Rhodiola powder"";""Rhodiola root (Rhodiola rosea) extract"";""Rhodiola root extract"";""Rhodiola root powder"";""Rhodiola root powdered extract"";""Rhodiola """,912,18
2836,Rhodiola crenulata,botanical,1,"""Rhodiola crenulata extract""",1,1
1935,Rhodium,Element,1,"""Rhodium""",22,4
1936,Rhododendrol,Chemical,1,"""Rhododendrol""",1,0
1937,Rhododendron caucasicum,Botanical,2,"""Rhododendron"";""Rhododendron caucasicum""",3,0
732,Rhubarb,Botanical,26,"""Chinese (Turkish) Rhubarb"";""Chinese Rhubarb"";""Chinese Rhubarb (Rheum palmatum) powder"";""Chinese Rhubarb root extract"";""Indian Rhubarb Extract"";""Organic Chinese Rhubarb"";""organic Rhubarb"";""Rhapontic Rhubarb (Rheum rhaponticum L.) Root Extract"";""Rheum palmatum"";""Rheum palmatum root"";""Rhubarb"";""Rhubarb (Rheum officinale) root extract"";""Rhubarb (Rheum palmatum) (root) extract powder"";""Rhubarb C/S"";""Rhubarb extract"";""Rhubarb juice powder"";""Rhubarb liquid extract"";""Rhubarb powder"";""Rhubarb rhizome w/root liquid (Rheum palmatum) extract"";""Rhubarb root"";""Rhubarb root extract"";""Rhubarb root powder"";""Turkey Rhubarb"";""Turkey Rhubarb root powder"";""Turkey Rhubarb Root {Extract}"";""Turkish Rhubarb""",160,4
203,Riboflavin (B2),Vitamin,28,"""25 mg as Riboflavin"";""25 mg from Riboflavin"";""and 3.6 mg as Riboflavin 5'-Phosphate Sodium"";""and Riboflavin-5-Phosphate"";""as 10 mg of Riboflavin 5' Phosphate"";""as Riboflavin"";""as Riboflavin HCL"";""B-2"";""B2"";""Coenzyme Riboflavin-5-Phosphate"";""from 10 mg of Riboflavin 5' Phosphate"";""from Riboflavin"";""Pyridoxal-5"";""Riboflavin"";""Riboflavin 5? Phosphate"";""Riboflavin B2"";""Riboflavin-5' Phosphate"";""Riboflavin-5'-Phosphate"";""Riboflavin-5-Phosphate"";""Riboflavin/Riboflavin-5-Phosphate"";""Riboflavina"";""Ribonucleic acid"";""Ribovlavin"";""Roboflavin"";""Vit. B2"";""Vitamin B-2"";""Vitamin B2"";""Vitamina B2""",1350,154
1711,Ribose,Chemical,7,"""100% pure D-Ribose"";""Bioenergy Ribose"";""Bioenergy Ribose D-Ribose"";""D-Ribose"";""D-Ribose powder"";""Pure D-Ribose"";""Ribose""",149,7
1939,Rice,Carbohydrate,38,"""bio-fermented Rice powder"";""Black Rice Extract"";""Broad Bean"";""Brown Rice"";""Brown Rice Flour"";""Brown Rice powder"";""Brown Rice syrup"";""Germinated Rice"";""hydrolyzed Rice (Oryza sativa) grain flour"";""non-glutinous Rice"";""organic Black Rice powder"";""organic Brown Rice"";""organic Brown Rice extract"";""organic Brown Rice powder"";""organic Brown Rice syrup solids"";""Organic Oryzatein(TM) Rice Protein Concentrate"";""organic Rice"";""organic Rice syrup"";""organic Rice syrup solids"";""organic sprouted Brown Rice Protein"";""organic sprouted Rice"";""organic White Rice Flour"";""Oryza Ceramide-PCD"";""Oryza sativa"";""Oryzatein(TM) Whole Grain Brown Rice Protein Concentrate"";""Rice"";""Rice Bean"";""Rice Flour"";""Rice hull concentrate"";""Rice Protein"";""Rice syrup solids"";""Shali (Oryza sativa L.) (seed) powder"";""sprouted Brown Rice powder"";""standardized Rice (Oryza sativa) grain protein powder"";""whole Brown Rice"";""Whole Grain Brown Rice Sweetener"";""whole grain organic Brown Rice syrup solids"";""whole Rice concentrate""",203,9
1211,Rice Bran,Botanical,20,"""Brown Rice"";""Brown Rice Bran"";""organic Rice Bran"";""Proprietary Enzymatically Modified Rice Bran"";""Rice (Bran)"";""Rice (Oryza sativa) bran"";""Rice Bran"";""Rice Bran concentrate"";""Rice Bran defatted powder"";""Rice Bran extract"";""Rice Bran Oil"";""Rice Bran powder"";""Rice Bran soluble extract"";""Rice Bran solubles"";""Rice polish"";""Rice Protein"";""Rice Vinegar"";""salvado de arroz"";""stabilized Brown Rice Bran"";""stabilized Rice Bran derivative""",258,20
2309,Rice Oil,fat,2,"""Oryzan High-Gamma-Oryzanol Rice Bran Oil"";""Rice Bran oil""",26,1
1993,Rice Protein,Protein,13,"""Brown Rice Protein"";""Brown Rice Protein isolate"";""non-GMO Rice Protein"";""Organic Brown Rice Protein powder"";""organic Rice Protein"";""Rice Protein"";""Rice Protein concentrate"";""sprouted Brown Rice protein"";""sprouted Brown Rice Protein concentrate"";""sprouted, enzymatically activated, non-GMO, non-fermented Brown Rice Protein"";""standardized Rice (Oryza sativa) grain protein concentrate"";""whole Brown Rice Protein"";""whole grain Brown Rice Protein""",92,0
3567,Rice Wax,chemical,1,"""Rice Bran Wax""",1,0
2811,RNA,chemical,3,"""Ribonucelic Acid"";""Ribonucleic Acid"";""RNA""",95,5
117,RNA & DNA,TBD,9,"""Deoxyribonucleic Acid"";""DNA"";""DNA/RNA"";""Ribonucleic Acid"";""RNA"";""RNA Powder"";""RNA/DNA"";""RNA/DNA Complex"";""Uridine""",119,9
2149,RNA and DNA,Chemical,1,"""RNA/DNA""",1,0
1940,Robinia Pseudoacacia,Botanical,1,"""Robinia pseudoacacia""",1,0
2993,Robusta Coffee,botanical,7,"""C. canephora robusta"";""C. canephora robusta bean extract"";""C. canephora robusta extract"";""Coffea canephora robusta extract"";""Coffea robusta"";""organic Robusta Coffee extract"";""Robusta Coffee extract""",24,1
1447,Rock Rose,Botanical,5,"""Cistus ladaniferus"";""Helianthemum nummularium"";""infusion (1:6000) of Helianthemum nummularium"";""infusion (1:6000) of Rock Rose"";""Rock Rose""",8,0
2630,Rockweed (unspecified),botanical,1,"""Rockweed""",1,0
3192,Rooibos,botanical,4,"""Green Rooibos Tea"";""organic Rooibos"";""Rooibos"";""Rooibos Tea""",23,0
1941,Rosa californica,Botanical,1,"""{infusions of flowers of} Rosa californica""",1,0
1942,Rosa Roxburghii,Botanical,2,"""Rosa roxburghii"";""Rosa roxburghii fruit extract""",6,0
3463,Rosarin,chemical,1,"""Rosarin""",2,0
2389,Rosavins,chemical,2,"""Rosavin"";""Rosavins""",11,0
3462,Rosavins (mixed),chemical,1,"""Total Rosavins""",2,0
2459,Rose (unspecified),botanical,18,"""Briar Rose"";""dried Rose petals extract"";""org. Rose petal extract"";""org. Rose Water"";""organic Rose"";""organic Rosehip"";""Rosa californica"";""Rose"";""Rose (Rosa canina) hips extract"";""Rose extract"";""Rose Hip extract"";""Rose Hips"";""Rose Hips 4:1 extract"";""Rose Petal"";""Rose petal extract"";""Rose powder extract"";""Rosebud"";""Rosehips""",89,3
2658,Rose Geranium,botanical,3,"""Geranaburn"";""Pelargonium graveolens extract"";""Sweet-Scented Geranium""",4,1
118,Rose Hip,Botanical,38,"""& from rosehips"";""Cherokee Rose Hip extract"";""Dog Rose (Rosa canina) young shoot extract"";""escaramujo"";""organic Rose Hip"";""organic Rose Hip powder"";""organic Rose Hips"";""organic Rosehips"";""Rosa caninca"";""Rose (Rosa canina) hip extract"";""Rose Hip"";""Rose Hip (Rosa canina) extract 4:1"";""Rose Hip 4:1 extract"";""Rose Hip extract"";""Rose Hip fruit (Rosa canina) extract"";""Rose Hips"";""Rose Hips (Rosa canina) (fruit) extract"";""Rose Hips (Rosa canina) extract"";""Rose Hips (Rosa canina) powder"";""Rose Hips 4:1 extract"";""Rose Hips extract"";""Rose Hips extract 4:1"";""Rose Hips fruit extract"";""Rose hips fruit extract 4:1"";""Rose Hips fruit powder"";""Rose Hips pdr."";""Rose Hips Powder"";""Rose Hips Powdered Extract"";""Rosehip"";""Rosehip extract"";""Rosehips"";""Rosehips (fruit) Concentrate"";""Rosehips (Rosa canina) extract"";""Rosehips Concentrate"";""Rosehips extract"";""Rosehips fruit extract"";""Rosehips Powder"";""wild Rose Hips""",480,27
1189,Rosemary ,Botanical,64,"""100 mg {Rosemary} supercritical extract"";""50 mg {Rosemary} hydroethanolic extract"";""Biodynamic organic Rosemary essential oil"";""Biodynamic organic Rosemary Hydrosol"";""dried Rosemary herb extract"";""fresh Rosemary"";""infusion (1:6000) of Rosmarinus officinalis"";""organic Rosemary"";""organic Rosemary leaf powder"";""Rose Mary Leaf"";""Rosemary"";""Rosemary (aerial) extract"";""Rosemary (herb) extract"";""Rosemary (leaf) Essential Oil"";""Rosemary (leaf) extract"";""Rosemary (leaf) supercritical extract"";""Rosemary (leaf, stem) Oil extract"";""Rosemary (Rosemarinus officinalis) Leaf Extract"";""Rosemary (Rosmarinus officinalis L.) leaf extract"";""Rosemary (Rosmarinus officinalis) (leaf) hydroethanolic extract"";""Rosemary (Rosmarinus officinalis) (leaf) supercritical extract"";""Rosemary (Rosmarinus officinalis) aerial oil extract"";""Rosemary (Rosmarinus officinalis) aerial parts oil extract"";""Rosemary (Rosmarinus officinalis) leaf and stem Oil extract"";""Rosemary (Rosmarinus officinalis) leaf extract"";""Rosemary (Rosmarinus officinalis) leaf""",435,18
1944,Rosin,Chemical,1,"""Rosin""",2,0
1943,Rosmarinic Acid,Chemical,2,"""Rosemarinic Acid"";""Rosmarinic Acid""",10,0
589,Royal Jelly,Animal Part or Source,23,"""10-Hydroxy-2-Decenoic Acid"";""3x raw Royal Jelly liquid"";""3x raw Royal Jelly powder"";""Fresh Liquid Royal Jelly"";""from 152 mg of Royal Jelly concentrate"";""Jalea Real"";""organic freeze-dried Royal Jelly powder"";""organic Royal Jelly"";""Organic Royal Jelly Powder"";""Royal Bee Jelly"";""Royal Jelly"";""Royal Jelly (6%) Concentrate"";""Royal Jelly 3.5x"";""Royal Jelly 3.5X concentrate"";""Royal Jelly 3X"";""Royal Jelly 3x Concentrate"";""Royal Jelly concentrate"";""Royal Jelly extract"";""Royal Jelly extract 3.5:1"";""Royal Jelly powder"";""Royal Jelly Power 3.5x"";""Royal Jelly standardized concentrate"";""undiluted 3x wild Royal Jelly""",207,10
1946,Rubidium,Element,3,"""Rubidium"";""Rubidium Chelate"";""Rubidium Chloride""",54,2
3097,Rubus (unspecified),botanical,1,"""Rubus""",2,0
2095,Rue,Botanical,5,"""infusion (1:6000) of Ruta graveolens"";""Rue"";""Rue fruiting tops (Ruta graveolens) extract"";""Rue liquid extract"";""Rupturewort""",7,0
1812,Rutabaga,Botanical,1,"""Rutabaga""",1,0
1160,Rutaecarpine,Botanical,2,"""Rutacaerpine"";""Rutaecarpine""",3,0
1948,Ruthenium,Element,1,"""Ruthenium""",19,1
120,Rutin,Botanical,19,"""includes 100 mg Rutin"";""k-Rutin"";""Quercetin-O-Rutinoside"";""Rutin"";""Rutin (Saphora japonica)"";""Rutin (Sophora japonica) bud extract"";""Rutin (Sophora japonica) flower bud extract"";""Rutin Bioflavonoid"";""Rutin Complex"";""Rutin Concentrate"";""Rutin extract"";""Rutin N.F."";""Rutin NF"";""Rutin powder"";""Rutina"";""Rutina NF"";""Rutoside"";""Rutoside Trihydrate"";""Undiluted Rutin""",1211,76
1949,Rye,Botanical,14,"""organic Rye Grass powder"";""Pollen extract"";""Rye"";""Rye (Secale cereale) extract"";""Rye flower (Secale cereale) extract"";""Rye flower pollen extract"";""Rye Grain"";""Rye Grass"";""Rye Grass Flower Pollen Extract"";""Rye Pollen Extract"";""Secale 10x, 30x & LM1"";""Secale cereale"";""Swedish Flower pollen"";""Swedish Flower pollen extract""",29,1
