Ingredient - Group ID,Ingredient - Group Name,CATEGORY,# of Synonyms /Sources,Synonyms/Sources,# of Products,# of NHANES Products
3543,Ma Huang,botanical,1,"""Ephedra extract""",12,0
163,Maca,Botanical,68,"""Black Maca powder"";""dried Maca root extract"";""gelatinized Maca"";""Lepidium meyenii (Maca) root extract"";""Maca"";""Maca (Lepidium meyenii) extract"";""Maca (Lepidium meyenii) root extract"";""Maca (Lepidium meyenii) root extract 4:1"";""Maca (Lepidum meyenii) (Root) Powder"";""Maca (root) extract"";""Maca (root) powder"";""Maca 4:1 (Lepidium meyenii) Root Extract"";""Maca 4:1 extract"";""Maca 4:1 root extract"";""Maca 6% extract"";""Maca extract"";""Maca extract 4:1"";""Maca extract 6:1"";""Maca juice powder"";""Maca lepidium"";""Maca powder"";""Maca Pure(R)"";""Maca Root"";""Maca root & tubers powder"";""Maca root (Lepidium meyenii) extract"";""Maca root 4:1 extract"";""Maca root and tubers powder"";""Maca root ext."";""Maca root extract"";""Maca root PE"";""Maca root powder"";""Maca root/tubers powder"";""Maca standard powder"";""maca tuber extract"";""Maca-Maca root 10:1"";""Maca-Maca root 10:1 Ashwagandha"";""Macandeum(TM) Maca extract"";""MacaPure brand Maca (Lepidium meyenii) root extract"";""MacaPure brand Maca root extract"";""MacaPure Maca extract"";""MacaPure Maca root ex""",635,26
3589,Macadamia Oil,fat,1,"""Macadamia nut Oil""",4,0
2604,Macamides,chemical,1,"""Macamides""",1,0
2458,Mace,botanical,4,"""Nutmeg"";""Nutmeg extract"";""organic Mace"";""organic Nutmeg""",32,0
3513,Maclura tricuspidata,botanical,1,"""Cudrania tricuspidata (root) extract""",1,0
1945,Madder,Botanical,4,"""Indian Madder"";""Indian Madder extract"";""Rubia"";""Rubia cordifolia""",6,0
82,Magnesium,Mineral,93,"""10 mg magnesium"";""99.9% pure Magnesium"";""ancient ocean-derived  liquid Magnesium Chloride"";""and as (magnesium) citrate"";""as Magnesium Creatine Chelate"";""as Magnesium Gluconate"";""as magnesium oxide"";""Di-Magnesium Malate"";""elemental Magnesium"";""Epsom Salt"";""from 100 mg of mag chelate"";""from 100mg Magnesium Glycinate"";""from 2,000 mg magnesium glycinate/lysinate chelate"";""from 200 mg Magnesium Hydroxide"";""from 500 mg of magnesium aspartate"";""From Di-Magnesium Malate"";""from: Magnesium  Glycinate(R)"";""Givomag Magnesium Glycerophosphate"";""liquid Magnesium Chloride"";""Magensium"";""Magneisum"";""Magneium"";""Magnesia"";""Magnesia Mur"";""Magnesia Phosphorica"";""Magnesio"";""Magnesium"";""Magnesium Amino Acid Chelate"";""Magnesium Aminoate"";""Magnesium Ascorbate"";""Magnesium Aspartate"";""Magnesium Aspartate Complex"";""Magnesium Bisglycinate Chelate"";""Magnesium Butyrate"";""Magnesium Caprylate"";""Magnesium Carbonate"";""Magnesium Chelate"";""Magnesium Chelate Glycinate"";""Magnesium Chloride"";""Magnesium Citrate"";""Magnesium Citrate-Malate"";""Magnesium""",9458,647
2361,Magnesium Alpha-Ketoglutarate,chemical,1,"""Magnesium Alpha-Ketoglutarate""",1,0
2918,Magnesium ascorbate,mineral,1,"""Magnesium ascorbate""",22,1
3637,Magnesium Beta-Hydroxybutyrate,chemical,3,"""Magnesium Beta-Hydroxybutyrate"";""Magnesium Beta-Hydroxybutyrate Monohydrate"";""Magnesium Beta-Hydroxybutyrate Trihydrate""",11,0
2649,Magnesium Citrate,chemical,4,"""Creatine Magna Power"";""Magnesium"";""Magnesium Citrate"";""Trimagnesium Citrate""",67,5
2392,Magnesium Creatine,chemical,10,"""Creatine"";""Creatine MagnaPower"";""Creatine MagnaPower Magnesium Creatine Chelate"";""Creatine Magnesium"";""Creatine Magnesium Chelate"";""MagnaPower"";""MagnaPower Magnesium Creatine Chelate"";""MagnaPower(R) Creatine"";""MagnaPower(R) Magnesium Creatine Chelate"";""Magnesium Creatine Chelate""",122,2
3079,Magnesium hydroxide,chemical,1,"""Magnesium Hydroxide""",31,4
2466,Magnesium Malate,chemical,4,"""Albion Di-Magnesium Malate"";""Di-Magnesium Malate"";""DiMagnesium Malate"";""Magnesium""",15,0
3106,Magnesium Salicylate,other,1,"""Magnesium Salicylate""",3,0
3066,Magnesium Salt,chemical,1,"""Magnesium Salt""",2,0
2292,Magnesium Silicate,other,2,"""Silica"";""Talc""",3,0
1248,Magnesium Stearate,Chemical,3,"""Magnesium"";""Magnesium Stearate"";""Vegetable Magnesium Stearate""",34,4
3316,Magnesium Taurinate,chemical,1,"""Magnesium Taurinate""",1,0
507,Magnolia ,Botanical,28,"""a proprietary blend of a patented extract from Magnolia officinalis"";""extract of Magnolia officinalis"";""Honokiol extract"";""Magnolia"";""Magnolia (bark) concentrate"";""Magnolia (bark) extract"";""Magnolia (bark) powder"";""Magnolia (Magnolia officinalis) bark extract"";""Magnolia (Magnolia officinalis) bark std. extract"";""Magnolia (Magnolia officinalis) extract"";""Magnolia bark 4:1 extract"";""Magnolia bark extract"";""Magnolia bark powder"";""Magnolia biondii"";""Magnolia extract"";""Magnolia officinalis"";""Magnolia officinalis (bark) extract"";""Magnolia officinalis (bark) Powder"";""Magnolia officinalis bark ext."";""Magnolia officinalis bark extract"";""Magnolia officinalis bark standardized extract"";""Magnolia officinalis extract"";""Magnolia officinalis powder"";""Magnolia standardized bark extract"";""Magnolia-bark (Magnolia officinalis) extract"";""patented extract from Magnolia officinalis"";""standardized extract of Magnolia officinalis"";""Xin Yi Hua""",181,4
497,Maidenhair Fern,Botanical,1,"""Maitake""",3,0
508,Maitake Mushroom,Botanical,68,"""dried Maitake (Grifola frondosa) fruitbody extract"";""dried Maitake fungus extract"";""dried Maitake mushroom extract"";""fresh Maitake (Grifola frondosa) mycelium extract"";""Grifola frondosa"";""Grifola frondosa fungus (Maitake) extract"";""Grifola frondosa mycelial extract"";""Maitake"";""Maitake (Beta-Glucan) Fraction"";""Maitake (Grifola frondosa) Bio-Proteoglucan-NK Mushroom extract"";""Maitake (Grifola frondosa) Fruit Body Extract"";""Maitake (Grifola frondosa) fruit body powder"";""Maitake (Grifola frondosa) fruiting body extract"";""Maitake (Grifola frondosa) fruiting body powder"";""Maitake (Grifola frondosa) fruiting body proprietary extract"";""Maitake (Grifola frondosa) Mushroom"";""Maitake (Grifola frondosa) Mushroom extract"";""Maitake (Grifola frondosa) Mushroom mycelium extract"";""Maitake extract"";""Maitake fruiting body extract"";""Maitake fruiting body powder"";""Maitake fruiting body proprietary extract"";""Maitake Mushroom"";""Maitake Mushroom (extract)"";""Maitake Mushroom (Grifola frondosa) extract"";""Maitake Mushroom (Grifola fron""",399,14
1991,Maize,Carbohydrate,2,"""Maizinol(TM)"";""Waxy Maize (Waxy Corn) Starch""",3,0
2020,Malabar Nut,Botanical,10,"""Adhatoda (Adhatoda vasica) extract"";""Adhatoda Extract"";""Adhatoda vasica (leaf) extract"";""Adhatoda vasica leaf extract"";""Malabar (Adhatoda vasica) nut extract"";""Malabar Nut Tree"";""Malabar Nut Tree extract"";""Malabar Nut Tree leaf extract"";""Vasaka"";""Vasaka root extract""",33,0
509,Malabar Nut Tree Leaf Extract,Botanical,2,"""Adhatoda vasica"";""Adhatoda vasica leaf extract""",13,0
3659,Male Fern,botanical,1,"""Male Fern""",4,0
2323,Malic Acid,chemical,4,"""DL Malic Acid"";""DL-Malic Acid"";""L-Malic Acid"";""Malic Acid""",215,3
2139,Mallow,Botanical,2,"""High Mallow"";""Mallow (Malva neglecta) aerial parts extract""",3,0
3572,Malt (Barley),botanical,1,"""Barley Malt""",9,1
3168,Malt Diastase,enzyme,1,"""Malt Diastase""",18,1
511,Maltase,Enzyme,4,"""Acid Maltase"";""Malt Diastase"";""Maltase"";""Maltase U.S.P.""",193,11
3248,Maltitol,chemical,1,"""Maltitol""",4,0
1138,Maltodextrin,polysaccharide,18,"""100% Pure Maltodextrin"";""5 DE Maltodextrin"";""and Maltodextrin"";""D5-2(TM) ultra-high molecular weight polymerized resistant Maltodextrin"";""Digestion Resistant Maltodextrin"";""digestive resistant Maltodextrin"";""Fibersol-2(TM) Brand"";""high molecular weight polymerized Maltodextrin"";""Long Chain Polysaccharide Maltodextrin"";""Maltodextrin"";""Maltodextrin Fiber"";""Modified Glucose Polymers"";""non-GMO Maltodextrin"";""non-GMO Tapioca Maltodextrin"";""organic non-GMO Tapioca Maltodextrin"";""organic Tapioca Maltodextrin"";""Rice Maltodextrin"";""Tapioca Maltodextrin""",243,19
1529,Maltose,Carbohydrate,1,"""Maltose""",2,0
540,Malva sylvestris,Botanical,2,"""Blue Malva flower powder"";""Cheeseplant Herb""",3,1
1918,Mammary,Animal Part or Source,1,"""Mammary""",3,0
1084,mandarin orange,Botanical,12,"""Citramine"";""Citrus"";""Citrus peel Bioflavonoids"";""Citrus reticulata"";""Citrus reticulata x C. sinensis"";""Mandarin"";""Mandarin (Citrus reticulata) peel oil"";""Mandarin (Citrus reticulata) zest Oil"";""Mandarin Orange"";""Mandarin Orange peel essential oil"";""Royal Mandarin"";""Satsuma Mandarin concentrate""",52,3
2962,Mandrake,botanical,1,"""Mandrake""",1,0
252,Manganese,Mineral,19,"""from 50 mg of mang chelate"";""from 6 mg of manganese glycerophosphate"";""Gluconate Manganeso"";""Maganese"";""Manganese"";""Manganese (as Gluconate) 11.3%"";""Manganese Amino Acid Chelate"";""Manganese Ascorbate"";""Manganese Chelate"";""Manganese Chloride"";""Manganese Citrate"";""Manganese Complex"";""Manganese Gluconate"";""Manganese Glycinate"";""Manganese Oxide"";""Manganese {Complex}"";""Manganeso"";""Mn"";""Natural Manganese""",5203,500
3676,Manganese Ascorbate,chemical,1,"""Manganese Ascorbate""",1,0
3137,Manganese sulfate,other,1,"""Manganese Sulfate""",12,1
1085,mango,Botanical,21,"""African Mango"";""African Mango extract"";""IGOB131 African Mango extract"";""Mango"";""Mango (Mangifer Indica) Seed Extract"";""Mango (Mangifera indica) fruit powder"";""Mango extract"";""mango fruit concentrate"";""Mango fruit powder"";""Mango juice concentrate"";""Mango juice powder"";""Mango organic fruit powder"";""Mango powder"";""Mango seed extract"";""Mangos"";""organic Mango"";""organic Mango extract"";""organic Mango powder"";""Red Mango extract"";""WellTrim(R) iG African Mango"";""{organic} Mango powder""",178,8
512,Mangosteen,Botanical,45,"""100% Pure Organic Mangosteen"";""certified organic Mangosteen"";""certified organic Mangosteen fruit powder"";""Garcinia indica extract"";""Mangoseen extract"";""Mangoselect"";""MangoSelect(R)"";""Mangosteen"";""Mangosteen (fruit) Concentrate"";""Mangosteen (Garcinia mangostana) Fruit Rind Extract"";""Mangosteen concentrate"";""Mangosteen extract"";""Mangosteen fruit concentrate"";""Mangosteen Fruit Concentrate & Pericarp Extract"";""Mangosteen fruit extract"";""Mangosteen Fruit juice"";""Mangosteen fruit juice concentrate"";""Mangosteen fruit powder"";""Mangosteen fruit rind extract"";""Mangosteen hull extract 6:1"";""Mangosteen juice extract"";""Mangosteen pericarp extract"";""Mangosteen pericarp powder"";""Mangosteen powder"";""Mangosteen powder extract"";""Mangosteen puree"";""Mangosteen whole fruit extract"";""Mangostein extract"";""Organic Certified Mangosteen Juice"";""organic freeze dried Mangosteen"";""organic Mangosteen"";""Organic Mangosteen (Garcinia mangostana) fruit juice"";""organic Mangosteen fruit juice"";""organic Mangosteen fruit powder"";""organic Mangoste""",341,13
3371,Mangostin,chemical,1,"""Alpha-Mangostin""",1,0
3547,Mannanoligosaccharides,fiber,1,"""MOS""",1,0
1364,Mannitol,Chemical,2,"""D-Mannitol"";""Mannitol""",7,0
2627,Mannose,carbohydrate,3,"""D-Mannose"";""D-Mannose powder"";""UT-PRO D-Mannose""",36,0
2468,Maple syrup,botanical,7,"""late season Maple Syrup powder"";""Maple Sugar powder"";""Maple syrup"";""org. Maple syrup"";""organic dark Maple Syrup"";""organic Maple (sap) Syrup"";""pure organic Grade B Maple syrup""",12,0
1086,Maqui,Botanical,24,"""Aristotelia chilensis"";""Maqui"";""Maqui  (Aristotelia chilensis) extract powder"";""Maqui (Aristotelia chilensis) extract powder"";""Maqui (berry) Powder"";""Maqui (fruit) Juice extract"";""Maqui berry"";""Maqui berry (Aristotelia chilensis) Anthocyanin extract"";""maqui berry extract"";""maqui berry juice"";""Maqui Berry powder"";""Maqui Fruit Extract"";""Maqui fruit powder"";""Maqui powder"";""Maqui Superberry"";""MaquiBright"";""MaquiBright (Aristotelia chilensis) berry standardized extract"";""organic Aristotelia chilensis fruit powder"";""organic certified Maqui"";""organic freeze-dried Maqui berry powder"";""organic Maqui"";""organic Maqui Berry"";""organic Maqui berry powder"";""organic raw freeze dried Maqui""",113,1
2629,Maratime Pine,botanical,4,"""Oligopin French Maritime Pine (Pinus pinaster) extract"";""Pine bark (Pinus pinaster) extract"";""Pine bark extract"";""Pycnogenol""",29,0
2202,Marigold (unspecified),Botanical,11,"""Aztec Marigold extract"";""Lutein"";""Marigold"";""Marigold (Tagetes spp.) (flower extract)"";""Marigold ext."";""Marigold extract"";""Marigold flower ext."";""Marigold flower extract"";""Marigold oleoresin flower ext."";""Marigold powder"";""Maritime Pine extract""",123,4
2008,Marijuana,Botanical,4,"""Cannabis"";""Cannabis sativa"";""Cannabis sativa oil extract"";""Kush""",8,0
3162,Marine oil (unspecified),fat,1,"""Omega-3 Marine Oil""",1,0
2933,maritime Pine,botanical,13,"""French Maritime Pine (Pinus pinaster) extract"";""Maritime Pine (bark) extract"";""Pine bark extract"";""Pinus maritima"";""Pycnogenol"";""Pycnogenol dried French Maritime Pine (Pinus pinaster) extract"";""Pycnogenol dried French Maritime Pine extract"";""Pycnogenol extract"";""Pycnogenol French Maritime Pine bark extract"";""Pycnogenol French Maritime Pine extract"";""Pycnogenol Maritime Pine extract"";""Pycnogenol Pine"";""Pycnogenol Pine bark extract""",76,3
1088,Marjoram,Botanical,7,"""Marjoram"";""Marjoram (Origanum majorana) essential oil"";""Marjoram leaf essential oil"";""Marjoram leaf powder"";""Marjoram tops essential oil"";""Sweet Marjoram"";""Sweet Marjoram leaf essential oil""",8,0
3626,Marking Nut Tree,botanical,2,"""Bhallataka"";""Marking-Nut Tree""",2,0
2128,Marsh Tea,Botanical,1,"""Ledum palustre""",1,0
515,Marshmallow ,Botanical,25,"""Althaea officinalis root extract"";""certified organic fresh Marshmallow"";""dried Marshmallow root extract"";""fresh Marshmallow"";""Marshmallow"";""Marshmallow (Althaea officinalis) (root) extract"";""Marshmallow (Althaea officinalis) extract"";""Marshmallow (Althaea officinalis) root extract"";""Marshmallow (Althea officinalis) (root) powder"";""Marshmallow (root extract)"";""Marshmallow (root) extract"";""Marshmallow (root) powder"";""Marshmallow extract"";""Marshmallow Root"";""Marshmallow root (Althaea officinalis) extract"";""Marshmallow root 4:1 extract"";""Marshmallow root extract"";""Marshmallow root freeze-dried extract"";""Marshmallow root fresh extract"";""Marshmallow root powder"";""organic fresh Marshmallow"";""organic Marshmallow"";""organic Marshmallow root powder"";""wild crafted Marshmallow"";""wildcrafted Marshmallow""",429,8
2660,Masson Pine,botanical,4,"""Masson Pine bark extract"";""Pine bark (Pinus massoniana) extract"";""Pine bark extract"";""pure Pine pollen powder 10:1 extract""",11,1
1530,Massularia auminata,Botanical,4,"""Massularia"";""Massularia acuminata"";""Massularia acuminata 4:1 extract"";""Massularia acuminate""",5,0
1531,Mastic ,Botanical,6,"""Chios Mastiha Gum powder"";""Mastic Gum"";""Mastic Gum extract"";""Mastic gum powder"";""Mastic Tree"";""Pistacia lentiscus""",20,1
1559,Mate,Botanical,17,"""Ilex"";""Ilex paraguariensis"";""Ilex paraguariensis (leaf) Extract"";""Ilex paraguariensis extract"";""Mate"";""Mate (Yerba Mate) powder"";""mate leaf extract"";""organic Mate leaf powder"";""organic Yerba Mate"";""Yerba Mate"";""Yerba Mate (Ilex paraguariensis) (leaf) extract"";""Yerba Mate (Ilex paraguariensis) extract"";""Yerba Mate (leaf) 30% extract"";""Yerba Mate (leaf) powder"";""Yerba Mate extract"";""Yerba mate standardized extract"";""Yerba Mate whole leaf powder""",57,1
3427,Maytenus krukovii,botanical,1,"""Chuchuhuasi (bark) powder""",1,0
1089,MCT / Medium Chain Triglycerides,Fatty Acid,29,"""100% structured lipids Medium-Chain Triglyceride"";""40% MCTs"";""C10:0 Capric Acid"";""C8:0 Caprylic Acid"";""Capric"";""Capric acid"";""Caproic"";""Caprylic"";""Caprylic Acid"";""Captex 300 Complex"";""Decanoic Acid"";""MCT"";""MCT ( Medium Chain Triglycerides) oil"";""MCT (Medium Chain Triglyceride) oil"";""MCT (Medium Chain Triglycerides) Oil"";""MCT Oil"";""MCT Oil 99%"";""MCT Oil Powder"";""MCT Powder"";""MCT's"";""MCTs"";""Medium Chain Fatty Acids"";""Medium Chain Triglycerides"";""Medium Chain Triglycerides (MCT) concentrate"";""Medium Chain Triglycerides Oil"";""Medium Chan Triglycerides (MCT) oil"";""Medium-chain triacylglycerols"";""Medium-Chain Triglycerides"";""yielding 100 mg caprylic acid""",136,4
1090,Meadowsweet,Botanical,9,"""dried Meadowsweet herb extract"";""Meadowsweet"";""Meadowsweet (herb extract)"";""Meadowsweet extract"";""Meadowsweet flowering tops extract"";""Meadowsweet herb extract"";""Meadowsweet leaf & flowering top (Filipendula ulmaria) extract"";""Meadowsweet [herb] 4:1 extract"";""{Meadowsweet}""",37,0
2761,Medium Chain Triglycerides,fat,25,"""Captex"";""Captex 300 Oil"";""Captex Medium Chain Triglycerides"";""Coconut MCT Oil"";""MCT"";""MCT (Oil)"";""MCT Oil"";""MCT Oil powder"";""MCT powder"";""MCT's"";""MCTs"";""Medium Chain Triglyceride"";""Medium Chain Triglyceride (MCT) Oil"";""Medium Chain Triglyceride Blend"";""Medium Chain Triglyceride Complex"";""Medium Chain Triglyceride Oil"";""Medium Chain Triglyceride powder"";""Medium Chain Triglycerides"";""Medium Chain Triglycerides (MCT) Concentrate"";""Medium Chain Triglycerides 70% Blend"";""Medium Chain Triglycerides oil"";""Medium Chain Triglycerides powder"";""Medium-Chain Triglyceride Oil"";""Medium-Chain Triglycerides"";""organic MCT Oil""",225,3
517,Melatonin,Hormone,10,"""5-Methoxy-N-Acetylryptamine"";""5-Methoxy-N-Acetyltryptamine"";""Melatonin"";""Melatonin liquid"";""Melatonin powder"";""N-Acetyl 5-Methoxytryptamine"";""N-Acetyl-5-Methoxytryptamine"";""pure crystalline Melatonin"";""Standardized Melatonin"";""std to 25 mcg/g Melatonin""",684,24
2596,Melon,botanical,10,"""Extramel Melon Juice Concentrate"";""Extramel Melon pulp concentrate"";""Extramel microencapsulated Melon juice concentrate"";""Melon"";""Melon concentrate"";""Melon extract"";""Melon fruit juice concentrate"";""Melon fruit powder"";""Melon juice concentrate"";""microencapsulated Melon juice concentrate""",35,0
1635,Mentha haplocalyx,Botanical,1,"""Mentha haplocalyx""",22,1
2444,Menthol,chemical,2,"""Menthol"";""Menthol crystals""",9,0
1865,Mesenchyme,Animal Part or Source,1,"""Porcine Mesenchyme Aqueous Extract 125X""",1,0
2767,Mesima,other,3,"""fresh Mesima (Phellinus linteus) mycelium extract"";""Mesima"";""organic Mesima""",40,2
2111,Mesoglycan,Animal Part or Source,2,"""Mesoglycan"";""Mucopolysaccharide""",5,0
2874,Mesquite,botanical,1,"""Mesquite pod powder""",4,0
3733,Mesua,botanical,1,"""Nagkesar extract""",3,0
1139,Methacrylic Acid,Other,1,"""Methacrylic Copolymer A""",1,0
2065,METHIONINE,Amino Acid,8,"""AjiPure pharmaceutical grade L-Methionine"";""DL-Methionine"";""L-Methionine"";""L-Methionine powder"";""Methionine"";""Metionina"";""micronized L-Methionine"";""N-Acetyl-L-Methionine""",1060,47
3530,Methoxy phenethylamine,chemical,1,"""O-Methoxyphenyl-Ethylamine""",1,0
3550,Methoxyisoflavone,chemical,1,"""5-Methyl 7-Methoxy Isoflavone""",1,0
1608,Methoxylated flavones,Botanical,3,"""5-Methyl-7-Methoxy-Isoflavone"";""5-Methyl-7-Methoxyisoflavone"";""Citrus Polymethoxylated Flavones""",23,0
3337,Methyl cellulose,other,1,"""Methyl Cellulose""",1,0
1140,methylcellulose,Other,1,"""Methylcellulose""",5,1
520,Methylcobalamin,Vitamin,4,"""and 100 mcg as Methylcobalamin"";""and 50 mcg as Methylcobalamin"";""and as Methylcobalamin"";""Methylocobalamin""",7,0
3538,Methyldiazirinol,chemical,1,"""3,3-Azo-17a-Methyl-5a-Androstan-17b-Ol""",1,0
1141,Methylhexaneamine,Other,1,"""Methylhexaneamine""",5,0
1906,Methylparaben,Chemical,1,"""Methylparaben""",2,0
3111,Methylphenethylamine,chemical,2,"""Methylphenethylamine Tartrate"";""N-Methyl-Phenylethylamine""",5,0
3480,Methylstenbolone,chemical,3,"""2,17a-Dimethyl-17b-Hydroxy-5a-Androst-1-En-3-One"";""2,17a-Dimethyl-5a-Androsta-1-En-17Beta-Ol-3-One"";""Methylstenbolone""",5,0
651,Methylsulfonylmethane,chemical,25,"""M.S.M."";""Methyl Sulfonyl Methane"";""Methyl Sulphonyl Methane"";""Methyl-Sulfonyl-Methane"";""Methylsufonlylmethane"";""Methylsulfonyl Methane"";""Methylsulfonyl-Methane"";""Methylsulfonylmethane"";""Methylsulfonymethane"";""Methylsulfoylmethane"";""Methylsulphonylmethane"";""MSM"";""MSM Methylsulfonylmethane"";""MSM Sulfate"";""MSM(R)"";""Opti MSM"";""Opti-MSM"";""Opti-MSM MSM"";""OptiMSM"";""OptiMSM Methyl-Sulfonyl-Methane"";""OptiMSM Methylsulfonylmethane"";""OptiMSM(R)"";""OptiMSM(TM)"";""Plant-Derived MSM"";""Sulfur/MSM""",942,83
3114,Methylsynephrine,chemical,6,"""Methyl Synephrine"";""Methyl Synephrine HCl"";""Methyl Synephrine HCL 99%"";""Methyl-Synephrine HCl"";""Methylsynephrine"";""Methylsynephrine HCl""",45,1
3159,Methylxanthine (unspecified),chemical,3,"""Methylxanthine"";""Methylxanthine Anhydrous"";""Methylxanthines""",11,0
3721,Miliacin,chemical,1,"""Miliacin""",1,0
281,Milk,Animal Part or Source,10,"""CapraMilk"";""Casein"";""Cow Milk"";""Goat's Milk"";""Goat-milk Colostrum"";""Goat-milk/Cream"";""Lactium"";""Milk Peptides"";""PeptoPro(R) Casein Hydrolysate"";""Powdered Goat Milk""",30,0
3706,Milk Basic Protein,protein,1,"""MBP""",1,0
2367,Milk Protein,protein,4,"""Lactium 90"";""Milk Protein concentrate"";""Milk Protein Hydrolysate"";""Milk Protein isolate""",55,0
652,Milk Thistle,Botanical,98,"""100 mg Silymarin"";""Carduus Mar"";""certified organic Milk Thistle"";""containing: Silymarin"";""Detoxification & Liver Support"";""dried Milk Thistle seed extract"";""European Milk Thistle extract"";""extract of Milk Thistle"";""fresh Milk Thistle"";""Milk Thistle"";""Milk Thistle (fruit) extract"";""Milk Thistle (seed) extract"";""Milk Thistle (seed) powder"";""Milk Thistle (seeds) extract"";""Milk Thistle (Silybum marianum L) seed extract"";""Milk Thistle (Silybum marianum L.) fruit extract"";""Milk Thistle (Silybum marianum) (seed) extract powder"";""Milk Thistle (Silybum marianum) extract"";""Milk Thistle (Silybum marianum) fruit extract"";""Milk Thistle (Silybum marianum) fruit Phytosome(TM)"";""Milk Thistle (Silybum marianum) fruit std. extract"";""Milk Thistle (Silybum marianum) Phytosome"";""Milk Thistle (Silybum marianum) Phytosome(R)"";""Milk Thistle (Silybum marianum) powder"";""Milk Thistle (Silybum marianum) powdered extract"";""Milk Thistle (Silybum marianum) seed (fruit) extract"";""Milk Thistle (Silybum marianum) seed 50:1 extract"";""Milk This""",1291,55
2284,Millet,botanical,5,"""Millet"";""Millet seed Flour"";""organic certified Millet"";""organic Millet"";""organic Millet sprout""",96,1
2483,Millet (Panicum miliaceum),botanical,1,"""Millet (Panicum miliaceum) seed Oil CO2 extract""",1,0
2273,Mimosa pudica,botanical,3,"""Mimosa"";""Mimosa bark extract"";""Mimosa pudica extract""",5,0
2751,Mineral Alpha Ketoglutarates (unspecified),TBD,1,"""Mineral Alpha Ketoglutarates""",1,0
2750,Mineral Amino Acid Chelates (unspecified),TBD,1,"""Mineral Amino Acid Chelates""",1,0
2749,Mineral Ascorbates (unspecified),TBD,1,"""Mineral Ascorbates""",1,0
2754,Mineral Aspartates (unspecified),TBD,1,"""Mineral Aspartates""",1,0
2747,Mineral Citrate (unspecified),TBD,1,"""Mineral Citrates""",1,0
2755,Mineral Fumarates (unspecified),TBD,1,"""Mineral Fumarates""",1,0
2753,Mineral Gluconates (unspecified),TBD,1,"""Mineral Gluconates""",1,0
2752,Mineral Picolinates (unspecified),TBD,1,"""Mineral Picolinates""",1,0
2748,Mineral Succinates (unspecified),TBD,1,"""Mineral Succinates""",1,0
2521,Mint (unspecified),botanical,3,"""Chinese Mint"";""Mint"";""natural Mint extract""",14,0
2919,Mistletoe (unspecified),botanical,4,"""dried European Mistletoe herb extract"";""European Mistletoe herb extract"";""Mistletoe"";""Mistletoe extract""",5,0
2360,Mixed Carotenoids,chemical,2,"""Betatene(R)"";""Natural Mixed Carotenoids""",6,0
2679,Modified Glucose Polymer,polysaccharide,1,"""Modified Glucose Polymers""",7,0
2293,modified Starch,other,1,"""modified Food Starch""",13,0
1208,Molasses,Botanical,4,"""Black Strap Molasses"";""Blackstrap Molasses"";""Blackstrap Molasses powder"";""Molasses""",20,0
3028,Molluscs,animal part or source,3,"""Cristaria plicata pearl"";""Cristaria plicata shell"";""Haliotis diversicolor shell""",8,0
86,Molybdenum,Mineral,14,"""L-Molybdenum"";""Malyodenum"";""Mo"";""Molibdato"";""Molibdeno"";""Molybdendum"";""Molybdenum"";""Molybdenum (Sodium Molybdate) 46.59%"";""Molybdenum Amino Acid Chelate"";""Molybdenum Chelate"";""Molybdenum Complex"";""Molybendenum"";""Molybenum"";""Molydbenum""",3451,315
3000,Momordica,botanical,1,"""Momordica extract""",1,0
3587,Monacolin,chemical,1,"""Monacolin 8000""",1,0
1970,Monk Fruit,Botanical,1,"""Monk Fruit""",5,0
1884,Monoglyceride,Fat,1,"""Monoglycerides""",1,0
3576,Monolaurin,chemical,1,"""Monolaurin""",9,1
2181,Monosodium Glutamate,Chemical,1,"""Monosodium L-Glutamate""",2,0
2132,Monounsaturated Fat,Fat,2,"""Monounsaturated Fat"";""Monounsaturated {Fat}""",445,35
3124,Monounsaturated fatty acid (unspecified),fatty acid,2,"""Monounsaturated Fat"";""Monunsaturated Fat""",331,29
3381,Monterey Pine,botanical,3,"""Enzogenol"";""Enzogenol dry extract"";""Monterey Pine (Pinus radiata) extract""",7,0
1554,Montmorillonite,other,2,"""Calcium Montmorillonite Clay"";""Montmorillonite""",8,4
2789,Morinda (unspecified),botanical,4,"""Morinda"";""Morinda officinalis"";""Morindae"";""Moringa oleifera Lam.""",18,3
2106,Moringa,Botanical,28,"""Freeze Dried Organic Moringa Leaf Powder"";""Horseradish Tree"";""Horseradish tree extract"";""Moringa"";""Moringa (Horseradish Tree) leaf powder"";""Moringa extract"";""Moringa leaf extract"";""Moringa leaf juice"";""Moringa leaf pdr."";""Moringa leaf powder"";""Moringa Oleifera"";""Moringa oleifera (leaf) powder"";""Moringa oleifera 10:1 extract"";""Moringa oleifera extract"";""Moringa oleifera fruit extract"";""Moringa oleifera leaf extract"";""Moringa Oleifera Leaf Powder"";""Moringa Oleifera Powder"";""Moringa oleifera seed extract"";""organic Moringa"";""organic Moringa extract"";""organic Moringa leaf powder"";""organic Moringa oleifera"";""organic Moringa oleifera leaf powder"";""organic Sahijan"";""organic whole Moringa oleifera leaf powder"";""Orgen-Cm Moringa oleifera"";""Shigru (leaves) powder""",123,4
2155,Mormon Tea,Botanical,3,"""Brigham Tea"";""Mormon Tea"";""wildcrafted Brigham Tea""",8,0
1247,Morning Glory,Botanical,4,"""Dwarf Morning Glory"";""dwarf morning glory root extract"";""Finger-Leaf Morning Glory"";""infusion (1:6000) of Ipomoea purpurea var. Heavenly Blue""",5,0
1901,Mosannona?depressa,Botanical,1,"""Yumel""",1,1
3068,Moth,animal part or source,1,"""Bombyx mori""",1,0
1725,Motherwort,Botanical,22,"""certified organic Motherwort"";""Chinese Motherwort"";""fresh Motherwort"";""fresh Motherwort flowering tops extract"";""Leonurus"";""Leonurus japonicus"";""Motherwort"";""Motherwort (Leonurus cardiaca) aerial parts extract"";""Motherwort (Leonurus cardiaca) extract"";""Motherwort (Leonurus cardiaca) herb extract"";""Motherwort (Leonurus cardiaca) herbs dry extract"";""Motherwort (Leonurus cardiaca) leaf 4:1 extract"";""Motherwort (whole plant) extract"";""Motherwort Aerial Parts 6.5:1 Extract"";""Motherwort extract"";""Motherwort extract 7:1"";""Motherwort flowering tops extract"";""Motherwort herb extract"";""Motherwort liquid extract"";""organic Motherwort"";""organic Motherwort leaf and flower extract"";""organic Motherwort tops extract""",84,1
1965,Mountain Ash,Botanical,1,"""Sorbus aucuparia""",1,0
3185,Mountain Bilberry,botanical,1,"""Vaccinium membranaceum""",1,0
3691,Mountain Cranberry (unspecified),botanical,1,"""organic Mountain Cranberry""",2,0
2126,MSM (Methylsulfonylmethane),Chemical,11,"""100% pure MSM"";""Lignisul(R) MSM"";""Methylsulfonylmethane"";""Metilsulfonilmetano"";""MSM"";""MSM (Methylsulfonylmethane) pdr."";""MSM OptiMSM"";""MSM powder"";""OPTI-MSM(R)"";""Opti-MSM(R) Methyl Sulfonyl Methane"";""TruFlex MSM""",134,10
2412,Mucin,chemical,1,"""Gastric Mucin powder""",1,0
2739,Mucopolysaccharides,polysaccharide,1,"""Muco-Polysaccharides""",1,0
2704,Mugo Pine,botanical,2,"""Mugo Pine"";""Mugo Pine (Pinus mugo) bud extract""",5,0
1174,Mugwort,Botanical,3,"""Chinese Mugwort"";""Mugwort"";""org. Mugwort leaf extract""",19,0
162,Muira Puama,Botanical,40,"""bark of Ptychopetalum olacoides"";""Brazilian Muira Puama"";""dried Northern Muira Puama root extract"";""Marapuama"";""Muira"";""Muira Pauma (Ptychopetalum olacoides) root extract"";""Muira pauma (Root) Extract"";""Muira pauma bark extract"";""Muira puama"";""Muira Puama (bark) extract"";""Muira Puama (Ptychopetalum olacoides) bark extract"";""Muira Puama (Ptychopetalum olacoides) extract"";""Muira Puama (Ptychopetalum olacoides) root extract"";""Muira puama 10:1 root extract"";""Muira Puama 20:1 extract"";""Muira Puama 4:1"";""Muira Puama 4:1 extract"";""Muira Puama aerial parts extract"";""Muira Puama Bark"";""Muira Puama bark extract"";""Muira puama bark powder"";""Muira Puama ext"";""Muira Puama extract"";""Muira Puama liquid extract"";""Muira Puama powder"";""Muira puama root extract"";""Muira puama root powder"";""Muira puama stem extract"";""Muira Puama stem w/bark (Ptychopetalum olacoides) extract"";""Muira Puama [root] 4:1 extract"";""Muira Puma"";""Muria Puama Powder Extract"";""Northern Muira Puama"";""Potency Wood"";""Potency Wood (Ptychopetalum olacoides) bark e""",194,8
2583,Mulberry (unspecified),botanical,4,"""Mulberry"";""Mulberry extract"";""Mulberry leaf extract"";""Proprietary Mulberry leaf extract""",7,2
523,Mullein ,Botanical,25,"""certified organic Mullein"";""dried Mullein leaf extract"";""fresh Mullein"";""infusion (1:6000) of Verbascum thapsus"";""Mullein"";""Mullein (leaf) extract"";""Mullein (Verbascum spp.) leaf extract"";""Mullein (Verbascum thapsu) aerial parts extract"";""Mullein (Verbascum thapsus) leaf extract"";""Mullein (Verbascum thapsus) powder"";""Mullein extract"";""Mullein Herb"";""Mullein leaf (Verbascum thapsus) extract"";""Mullein leaf 4:1 extract"";""Mullein leaf extract"";""Mullein Leaf Extract 4.1"";""Mullein leaf liquid extract"";""Mullein leaf powder"";""Mullein leaves extract"";""Mullein powder"";""organic Mullein"";""organic Mullein leaf extract"";""Verbascum thapsus"";""wild crafted Mullein"";""wildcrafted Mullein""",189,4
1074,Mung Bean,Botanical,6,"""Cytokine Suppress Mung Bean extract"";""Mung bean"";""Mung Bean Sprout powder"";""Mungbean powder"";""organic Mung Bean"";""sprouted Mung""",50,0
2991,Mushroom (unspecified),other,7,"""Champignon Mushroom 100:1 extract"";""Fomitopsis cajanderi"";""fresh Mushroom extract"";""King Trumpet"";""Mushroom extract"";""Mushroom mycelia extract"";""organic Shiitake Mushroom""",30,0
88,Mushrooms,Botanical,61,"""Agaricus"";""Agaricus bisporus extract"";""Agaricus blazei"";""Agarikon"";""Button Mushroom Agaricus bisporus Powder"";""Chaga"";""Chaga Extract"";""Chaga mushroom"";""Chaga Mushroom powder"";""Chitoglucan"";""Cordy-Gen"";""Cordyceps Mushroom"";""Green Source Mushroom Blend"";""Green Source(R) Mushroom Blend"";""Himematsutake"";""Hiratake"";""Inonotus obliquus"";""Kawaratake"";""Lion?s Mane"";""Lion?s Mane Extract"";""Maitake"";""Maitake Mushroom extract"";""Maitake {mushroom extract}"";""Mesima"";""Mushroom"";""Mushroom extract"";""Mushroom mycelia extract"";""Mushroom powder"";""Mushrooms"";""Mycelia extract of hybridized basidiomycete (Lentinula edodes) mushrooms"";""Ophiocordyceps culture"";""organic Himematsutake Mushroom (mycelium) powder"";""organic Himematsutake Mushroom mycelium powder"";""Organic Mycelial Mushroom Blend"";""organic Red Reishi Mushroom extract"";""Oyster Mushroom"";""Patented mushroom extract"";""Phellinus linteus"";""Polyporus sclerotium"";""Polyporus umbellatus"";""Poria (Wolfiporia Cocos) (Sclerotium)"";""Poria cocos"";""Poria cocos fungus"";""Poria cocos scler""",168,11
1863,Mustard (unspecified),Botanical,16,"""ActivAIT Mustard essential Oil"";""Black Mustard"";""Black Mustard (Brassica nigra) seed extract"";""infusion (1:6000) of Mustard"";""infusion (1:6000) of Sinapis arvensis"";""Mustard"";""Mustard (Brassica juncea) 0.4% Chromium whole plant powder"";""Mustard concentrate"";""Mustard extract"";""Mustard Greens"";""Mustard Seed"";""Mustard seed powder"";""organic Mustard"";""organic Mustard seed sprout"";""organic Mustard sprout powder"";""yellow Mustard""",102,0
1291,Myricetin,Botanical,4,"""Myricetin"";""Myricitrin"";""Myrtle (Myrtus communis cineole) leaf oil"";""Myrtle (Myrtus communis) leaf oil""",19,1
3280,Myristic Acid,fatty acid,1,"""Myristate""",7,0
1526,Myristoleic Acid,Fatty Acid,3,"""Myristic Acid"";""Myristoleate"";""Myristoleic Acid""",33,3
1556,Myrrh,Botanical,16,"""Commiphora mukul gum resin exudate"";""Commiphora myrrha"";""dried Myrrh gum resin extract"";""essential oil of Myrrh"";""extract of Myrrh"";""Myrrh"";""Myrrh (Commiphora molmol) oleo-gum-resin extract"";""Myrrh (Commiphora myrrha) (gum) {extract}"";""Myrrh extract"";""Myrrh Gum"";""Myrrh gum powder"";""Myrrh gum resin powder"";""Myrrh oleo-gum-resin (Commiphora spp.) extract"";""Myrrh resin extract"";""selectively imported Myrrh"";""wildcrafted Myrrh""",82,0
2969,Myrtle,botanical,1,"""Myrtle (Myrtus communis) leaf Oil extract""",1,0
