Ingredient - Group ID,Ingredient - Group Name,CATEGORY,# of Synonyms /Sources,Synonyms/Sources,# of Products,# of NHANES Products
1304,Abrotanum,Botanical,1,"""Abrotanum 10x, 30x & LM1""",1,0
2140,Abutua,Botanical,1,"""Abutua""",1,0
1022,Acacia,Botanical,32,"""100% certified organic Acacia gum powder"";""Acacia"";""Acacia (Acacia nilotica) bark extract"";""Acacia catechu"";""Acacia Fiber"";""Acacia Gum"";""Acacia Gum Fiber"";""Acacia gum giber"";""Acacia Gum powder"";""Acacia heartwood and bark extract"";""Acacia senegal"";""Acai Fruit (Euterpe oleracea) fruit extract"";""and Acacia catechu heart wood extract"";""Arabic Gum"";""Cutch tree"";""Cutch Tree bark extract"";""Fiber Acacia"";""Fiber Gum"";""Gum Acacia"";""Gum Acacia Powder"";""Gum Arabic"";""Gum Arabic extract"";""Gum Arabic powder"";""Heartwood Extract"";""Khadeer bark"";""org. Gum Arabic"";""organic Acacia"";""organic Acacia Fiber"";""organic Acacia Gum"";""organic Acacia gum powder"";""organic Gum Acacia"";""organic Gum Acacia powder""",219,6
2579,Acacia fiber,fiber,6,"""Acacia Fiber"";""Acacia Fiber powder"";""Acacia gum fiber"";""organic Acacia Fiber"";""organic Acacia Gum"";""organic natural Acacia Fiber""",57,1
1,Acai,Botanical,106,"""100% Pure Organic Acai berry juice"";""Acai"";""Acai ""cabbage palm"" extract"";""Acai (Assai Palm) (Euterpe oleracea) extract"";""Acai (Assai Palm) (Euterpe oleracea) powder"";""Acai (berry) extract"";""Acai (Cabbage Palm) berry powder"";""Acai (Euterpe oleracea) Berry extract"";""Acai (Euterpe oleracea) fruit extract"";""Acai (Euterpe oleracea) fruit powder"";""Acai (Euterpe oleracea) juice powder"";""Acai (Euterpe oleracea) powder"";""Acai (Euterpe oleracea) whole fruit concentrate"";""Acai (fruit) Concentrate"";""Acai (fruit) extract"";""Acai (fruit) powder"";""Acai 2:1 Extract"";""Acai 4:1 Concentrate"";""Acai 4:1 extract"";""Acai 4:1 fruit extract"";""Acai 4:1 Powdered Extract"";""Acai Berry"";""Acai Berry (Euterpe oleracea mart) 4:1 extract"";""Acai berry (Euterpe oleracea) extract"";""Acai berry 10:1 extract"";""Acai Berry 20:1 extract"";""Acai Berry 4:1 extract"";""Acai Berry 5:1 Extract"";""Acai Berry Concentrate"";""Acai berry extract"";""Acai berry extract 4:1"";""Acai Berry Extract 5:1"";""Acai berry fruit powder"";""Acai berry juice extract"";""Acai berry juice po""",963,44
1178,Acer Truncatum bunge,Botanical,2,"""Acer trucatum"";""Acer truncatum""",2,0
2,Acerola,Botanical,67,"""Accrola Cherry"";""Acerola"";""Acerola (fruit) extract"";""Acerola (Malpighia glabra) extract"";""Acerola (Malpighia glabra) fruit extract"";""Acerola (Malpighia punicifolia) extract 4:1"";""Acerola 4:1 extract"";""Acerola Berry"";""Acerola berry concentrate"";""Acerola berry extract"";""Acerola berry juice powder"";""Acerola berry powder"";""Acerola Cherry"";""Acerola Cherry (fruit) 4:1 extract"";""Acerola Cherry (fruit) extract"";""Acerola Cherry (Malpighia glabra L.) (fruit) extract"";""Acerola Cherry (powder)"";""Acerola Cherry concentrate"";""Acerola Cherry extract"";""Acerola Cherry fruit extract"";""Acerola Cherry fruit powder"";""Acerola Cherry juice concentrate"";""Acerola Cherry powder"";""Acerola Complex"";""Acerola concentrate"";""Acerola extract"";""Acerola extract complex"";""Acerola Fruit (Malpighia glabra) extract 4:1"";""Acerola fruit dried extract"";""Acerola fruit extract"";""Acerola fruit juice pdr."";""Acerola fruit juice powder"";""Acerola fruit powder"";""Acerola fruit standardised extract"";""Acerola juice extract"";""Acerola juice powder"";""Acerola powde""",692,40
1179,Acesulfame potassium,Other,1,"""Acesulfame Potassium""",14,0
396,Acetic acid,Chemical,1,"""Acetic Acid""",3,0
3,Acetyl L-Carnitine,chemical,31,"""Acetyl Carnitine"";""Acetyl L Carnitine"";""Acetyl L-Carnatine"";""Acetyl L-Carnitine"";""Acetyl L-Carnitine (ALCAR) powder:"";""Acetyl L-Carnitine Arginate DiHCl"";""Acetyl L-Carnitine Free Form"";""Acetyl L-Carnitine HCl"";""Acetyl L-Carnitine HCl Free Form"";""Acetyl L-Carnitine HPLC"";""Acetyl L-Carnitine Hydrochloride"";""Acetyl L-Carnitine Taurinate"";""Acetyl L-Carntine HCl"";""Acetyl-L carnitine HCl"";""Acetyl-L-Carnitine"";""Acetyl-L-Carnitine extract"";""Acetyl-L-Carnitine HCI"";""Acetyl-L-Carnitine HCl"";""Acetyl-L-Carnitine Hydrochloride"";""ALCAR"";""as 300 mg Acetyl L-Carnitine HCl"";""BIOSINT Acetyl L-Carnitine"";""BIOSINT Acetyl L-Carnitine HCl"";""N-Acetyl Carnitine"";""N-Acetyl Carnitine Hydrochloride"";""N-Acetyl L-Carnitine"";""N-Acetyl L-Carnitine HCl"";""N-Acetyl L-Carnitine Hydrochloride"";""N-Acetyl-L-Carnitine"";""N-Acetyl-L-Carnitine HCl"";""N-Acetyl-L-Carnitine Hydrochloride""",658,22
3680,Acetyl L-Carnitine Taurinate,chemical,1,"""Acetyl-L-Carnitine Taurinate Hydrochloride""",1,0
3506,Acetyl L-Tyrosine,chemical,2,"""Acetil Tirosina L"";""Acetyl L-Tyrosine""",4,0
2381,Acetyl-L-Carnitine Arginate,chemical,7,"""Acetyl L-Carnitine Arginate"";""Acetyl L-Carnitine Arginate Di-HCl"";""Acetyl L-Carnitine Arginate DiHCl"";""Acetyl-L-Carnitine Arginate Dichloride"";""Acetyl-L-Carnitine Arginate Dihydrochloride"";""ArginoCarn Acetyl L-Carnitine Arginate Dihydrochloride"";""ArginoCarn Acetyl-L-Carnitine Arginate Dihydrochloride""",49,3
3695,Acetylcholine,chemical,1,"""Acetylcholine""",1,0
284,Achyranthes bidentata,Botanical,2,"""Achyranthes"";""Achyranthes bidentata""",27,1
310,Acidophilus,Bacteria,7,"""Acidiphilus"";""Acidophilus"";""Acidophilus Lactobacilus"";""L-Acidophilus"";""L-acidophilus [DDS-1]"";""L. acidophilus"";""Proprietary Acidophilus Blend""",11,0
1283,Aconite,Botanical,4,"""Aconitum carmichaeli"";""Aconitum kusnezoffii"";""Aconitum napellus"";""prepared Aconitum""",9,0
1023,Activated Charcoal,Botanical,10,"""activated Charcoal"";""Activated Charcoal powder"";""Carbon"";""Charcoal"";""Charcoal powder"";""Charcoal USP"";""Vegetable Activated Charcoal"";""Vegetable Charcoal"";""virgin Activated Charcoal powder"";""virgin Hardwood Activated Charcoal powder""",60,1
2891,Adenophora,botanical,2,"""Adenophora"";""Adenophora tetraphylla""",4,0
496,Adenosine,Chemical,11,"""0.3 adenosine"";""Adenosine"";""Adenosine Triphosphate"";""Adenosine Triphosphate Disodium"";""Adenosine Triphosphate Sodium"";""Adenosine-5 Triphosphate Disodium Salt"";""ATP"";""cAMP"";""PEAK ATP"";""Peak ATP Adenosine 5'-Triphosphate Disodium"";""PEAK ATP(R) Patented ATP Molecule""",74,2
3633,Adenosine monophosphate,chemical,2,"""Adenosine Monophosphate HCl"";""Cyclic Adenosine Monophosphate""",3,0
3264,Adenosine triphosphate,chemical,4,"""Adenosine 5'Triphosphate Disodium"";""Adenosine Triphosphate"";""ATP"";""PEAK ATP""",18,0
3424,Adrafinil,other,1,"""Adrafinil""",2,0
1024,Adrenal ,Chemical,30,"""ABgland Adrenal"";""Abgland Adrenal Cortex"";""Adrenal"";""Adrenal (cortex) Bovine"";""Adrenal (whole) Bovine"";""Adrenal concentrate"";""Adrenal Cortex"";""Adrenal Cortex Glandular"";""Adrenal Cortex Substance"";""Adrenal Cortex Tissue"";""Adrenal extract"";""Adrenal Gland"";""Adrenal Gland ABGland Bovine"";""Adrenal Gland Conc."";""Adrenal powder"";""Adrenal Substance"";""Adrenal Tissue"";""Bovine (Bos taurus) Adrenal"";""Bovine Adrenal"";""bovine adrenal Cytosol(TM) extract"";""bovine adrenal PMG(TM) extract"";""Neonatal Adrenal complex"";""Neonatal Adrenal complex concentrate"";""New Zealand Lyophilized Bovine Adrenal Tissue"";""pure Adrenal gland"";""Raw Adrenal"";""Raw Adrenal Concentrate"";""whole Adrenal"";""whole Adrenal concentrate"";""Whole Adrenal Glandular""",166,11
2479,Adrenal extract,animal part or source,3,"""Adrenal Cortex"";""Adrenal extract"";""Bovine Adrenal Cytosol extract""",6,2
1334,Adrue,Botanical,3,"""Cyperus"";""Cyperus rotundus"";""Cyperus rotundus tuber extract""",19,0
3020,Adzuki,botanical,3,"""Adzuki"";""Adzuki Bean"";""organic Adzuki Bean""",36,5
3393,Adzuki bean,botanical,3,"""Adzuki"";""organic Adzuki"";""organic Adzuki Bean""",27,0
2621,Aescin,chemical,1,"""Aescin""",2,0
1565,African Mango,Botanical,12,"""African Mango"";""African Mango (Irvingia gabonensis) extract"";""African Mango (Irvingia gabonensis) seed extract"";""African Mango (seed) (Irvingia gabonensis) extract"";""African Mango (seed) extract"";""African Mango extract"";""African mango seed extract"";""African Mango seed extract Irvingia gabonensis IGOB 131"";""African Wild Mango"";""Irvingia gabonensis extract"";""Well Trim iG (IGOB131) African Mango (Irvingia gabonensis) seed extract"";""WellTrim IG (IGOB131) African Mango extract""",63,1
2496,African Snakeroot,botanical,3,"""Rauwolfia vomitoria"";""Rauwolfia vomitoria extract"";""Rauwolfia vomitoria root bark extract""",11,0
1027,Agar,Botanical,2,"""Agar"";""Agar (Gelidium amansii) powder""",3,0
314,Agaricus blazei,Botanical,20,"""Agaricus"";""Agaricus bisporus"";""Agaricus blazei"";""Agaricus blazei (braziliensis) fruit body extract"";""Agaricus blazei Extract"";""Agaricus blazei fruiting body extract"";""Agaricus blazei murrill"";""Agaricus Blazei Mushroom"";""Agaricus blazei mycelial extract"";""Blazei Mushroom"";""Champex(R) Proprietary Concentrated Champignon Extract"";""Himematsutake"";""organic Agaricus blazei"";""organic Agaricus blazei Mushroom"";""Organic Agaricus blazei Mycelia"";""organic Blazei Mushroom"";""organic fermented Royal Agaricus Mushroom"";""predigested Agaricus blazei"";""Royal Sun Blazei"";""Sun Mushroom""",63,1
1777,Agaricus mushroom,Botanical,25,"""Agaricus"";""Agaricus (Agaricus blazei Murill) fruiting body extract Blend"";""Agaricus (whole mushroom) conc."";""Agaricus bisporus"";""Agaricus bisporus (fruit) extract"";""Agaricus bisporus (fruiting body) Mushroom Extract"";""Agaricus blazei"";""Agaricus blazei extract"";""Agaricus blazei Mushroom"";""Agaricus blazei mushroom extract"";""Agaricus Mushroom"";""Blazei Mushroom"";""Brazilian Mushroom"";""Champex extract"";""concentrated Champignon extract"";""fresh Royal Sun Blazei (Agaricus brasiliensis f. blazei) mycelium extract"";""Himematsutake"";""organic Agaricus"";""organic Agaricus blazei"";""organic Agaricus Mushroom extract"";""organic Himematsutake"";""organic Himematsutake (Agaricus blazei) Mushroom"";""organic Himematsutake (Agaricus brasiliensis/blazei) Mushroom"";""White button mushroom extract"";""White Button Mushroom fruit ext.""",90,3
2766,Agaricus mushroom (unspecified),other,1,"""Agaricus blazei""",4,1
3631,Agarikon,other,3,"""Agarikon"";""fresh Agarikon (Fomitopsis officinalis) mycelium extract"";""organic Agarikon""",12,0
2989,Agarikon Mushroom,other,1,"""Agarikon""",4,0
174,Agave,Botanical,9,"""Agave"";""Agave leaf Inulin"";""Agave Nectar"";""Agave powder"";""agave root"";""Organic Agave Concentrate"";""organic Agave nectar"";""organic Agave tequilana stem ball powder"";""organic certified Agave leaf Inulin""",20,0
3255,Agmatine,chemical,4,"""AgmaMAX"";""AgmaMAX Agmatine Sulfate"";""Agmatine Sulfate"";""Agmatine Sulfate powder""",172,2
402,Agmatine sulfate,Amino Acid,8,"""AgmaMax(R)"";""AgmaMax(TM)"";""Agmaprue(TM) Agmatine Sulfate"";""Agmapure"";""AgmaPure(R) Agmatine Sulfate"";""Agmatine"";""Agmatine Glycerate"";""Agmatine Sulfate""",300,2
2318,Agnuside,chemical,1,"""Agnusides""",2,0
212,Agrimony,Botanical,5,"""Agrimonia eupatoria"";""Agrimony"";""fresh Agrimony flowering tops extract"";""infusion (1:6000) of Agrimonia eupatoria"";""infusion (1:6000) of Agrimony""",8,0
1028,AHCC,Chemical,3,"""Active Hexose Correlated Compound"";""AHCC"";""AHCC FD""",4,0
3643,Ajowan,botanical,2,"""Ajma Churna"";""Ajowan""",3,0
1216,Ajuga,Botanical,4,"""Ajuga Turkestancia"";""Ajuga turkestanica"";""Ajuga turkestanica extract"";""Ajuga turkestanica stems and leaves extract""",5,0
3434,Ajuga turkestanica,botanical,1,"""Ajuga turkestanica""",1,0
2407,Alanine,amino acid,3,"""Alanin"";""Alanine"";""L-Alanine""",369,10
2677,Alaria,other,1,"""Alaria""",11,0
2351,Alaria (not specified),other,3,"""Alaria"";""Alaria (Alaria esculenta) frond powder"";""Wakame""",4,0
3182,Alaska Blueberry,botanical,3,"""Alaska Blueberry"";""Vaccinium alaskaense"";""Vaccinium ovalifolium""",9,0
546,Albizia,Botanical,13,"""Albizia"";""Albizia bark (Albizia julibrissin) extract"";""Albizia extract"";""Albizia julibrissin flower and bark extract"";""Albizia lebbeck"";""Albizia liquid extract"";""Albizzia"";""dried Mimosa bark extract"";""Olea europaea extract"";""Olea europaea leaf extract"";""Olive leaf 18% standardized extract"";""Olive leaf extract"";""Silk Tree""",24,0
2788,Albumin,protein,2,"""Egg Albumen"";""Mango Albumins""",11,0
1031,Alchemilla,Botanical,8,"""Alchemilla vulgaris"";""Alchemilla vulgaris extract"";""Alchemilla vulgaris leaf extract"";""eLMn8(TM)"";""infusion (1:6000) of Alchemilla vulgaris"";""Lady's Mantle"";""Lady?s Mantle"";""Lady?s Mantle extract""",32,0
1152,Alcohol,Chemical,17,"""10% (USP) Alcohol"";""25-35% Pure Grain Alcohol"";""40-50% Pure Grain Alcohol"";""42-52% pure Grain Alcohol"";""45-55% Pure Grain Alcohol"";""55-65% Pure Grain Alcohol"";""60-70% Pure Grain Alcohol"";""Alcohol"";""Grain Alcohol"";""Octanol"";""organic Alcohol"";""Organic Alcohol 18-20%"";""organic Grain Alcohol"";""pure Grain Alcohol"";""Sugar Alcohol"";""Sugar Alcohols"";""Sugars Alcohols""",88,4
26,Alder Buckthorn ,Botanical,5,"""Buckthorn"";""Buckthorn bark powder"";""Buckthorn Root"";""Frangula"";""Frangula extract""",29,1
1274,Aletris,Botanical,1,"""Aletris Root cut""",1,0
2804,Alexandrian senna,botanical,5,"""organic Senna"";""Senna"";""Senna extract"";""Senna leaf extract"";""Senna leaf powder""",23,2
5,Alfalfa,Botanical,84,"""Alfalfa"";""Alfalfa (aerial parts) extract"";""Alfalfa (herb) powder"";""Alfalfa (leaf) juice concentrate"";""Alfalfa (leaf) powder"";""Alfalfa (leaves) extract"";""Alfalfa (Medicago sativa) 5:1 extract"";""Alfalfa (Medicago sativa) aerial part extract"";""Alfalfa (Medicago sativa) aerial parts extract"";""Alfalfa (Medicago sativa) herb powder"";""Alfalfa (Medicago sativa) leaf extract"";""Alfalfa (Medicago sativa) leaf juice extract"";""Alfalfa (Medicago sativa) whole herb extract"";""Alfalfa aerial part extract"";""Alfalfa Complex"";""Alfalfa Concentrace(TM) Ionic Trace Minerals"";""Alfalfa concentrate"";""Alfalfa Dehydrate"";""Alfalfa dried juice"";""Alfalfa extract"";""Alfalfa Flour"";""Alfalfa Grass"";""Alfalfa Grass Juice"";""Alfalfa grass juice extract"";""Alfalfa grass juice powder"";""Alfalfa grass leaf pdr."";""Alfalfa grass powder"";""Alfalfa grass whole leaf powder"";""Alfalfa herb extract"";""Alfalfa herb powder"";""Alfalfa Juice"";""Alfalfa juice conc."";""Alfalfa juice concentrate"";""Alfalfa juice extract"";""Alfalfa juice powder"";""Alfalfa Leaf & Alfalfa Leaf """,985,61
3492,Alfalfa Protein,protein,1,"""Alfalfa Protein concentrate""",1,0
358,Algae,TBD,29,"""Algae Calcium"";""Algae Extract"";""Algae Plant Calcium"";""AlgaeCal(R) Powder"";""Algal Oil"";""Aphanizomenon flos-aquae (Blue-Green Algae) powder"";""Blue Green Algae powder"";""Blue-Green Algae"";""Blue-Green Algae extract"";""Blue-Green Algae powder"";""Brown Algae extract"";""Chlorella"";""Chlorella algae"";""HAI Amino Acid Extract"";""Hawaiian Blue-Green algae"";""Klamath Blue Green Algae"";""Klamath Lake Blue Green Algae"";""Klamath Lake Blue-Green Algae"";""Lithothamnion calcareum"";""Lithothamnium sp. calcareous marine algae"";""Marine Algae Oil"";""Microalgae"";""organic Algae"";""Organic AlgaeCal(R)"";""organic Blue Green Algae powder"";""organic Sea Lettuce"";""Red Algae"";""Red Algae powder"";""Wakame (Undaria pinnatifida) Algae Extract""",74,4
2302,Algae (unspecified),other,5,"""CalciTrace Algae Calcium"";""extracted from marine Algae"";""Hawaiian Blue-Green Algae"";""organic Algae"";""Organic Sea Algae""",8,0
1275,algal oil,Botanical,5,"""40% from Algal Oil"";""Algae Oil"";""Algal Oil"";""Algal oil blend"";""Total Algal Oil""",25,4
2551,Algalin,protein,2,"""Algalin"";""whole Algalin Protein""",4,0
1276,Algas calcarease,Botanical,4,"""AlgaeCal"";""Algas calcareas"";""Certified Organic AlgaeCal(R)"";""organic Algas calcareas""",13,0
1225,Algin,Botanical,7,"""Algin"";""Alginate"";""Alginic Acid"";""modified Alginate"";""Sea Whistle (Ascophyllum nodosum) frond powder"";""SeaSEL-Pacific Kelp"";""Sodium Alginate""",87,2
3207,Alisma,botanical,3,"""Alisma"";""Asian Water Plantain extract"";""Water Plantain (root) extract""",5,0
213,alkaloid,Chemical,6,"""Alkaloids"";""Anatabine"";""Rauwolscine"";""RC-NOS"";""RC-NOS Rutaecarpine"";""Total Alkaloids""",20,0
2363,Alkaloid (unspecified),chemical,1,"""total Alkaloids""",1,0
1881,Alkylglycerols,Chemical,1,"""Alkylglycerols""",3,0
2437,Allicin,chemical,2,"""Allicin"";""Allicin yield""",38,1
2894,Alliin,chemical,2,"""Alliin"";""Allin""",17,1
2034,Allium tuberosum Rottl.,Botanical,1,"""Semen Allii Tuberosi""",1,0
1032,Allspice,Botanical,2,"""Allspice"";""Allspice berry powder""",33,1
1883,Alma berry,Botanical,3,"""dried Amla fruit extract"";""organic Amla Berry extract"";""Orgen-OX Alma extract""",4,0
2916,Almond Oil,fat,1,"""Almond Oil""",1,0
6,Aloe,Botanical,105,"""100% Aloe Vera"";""100% Aloe vera juice"";""100% pure Aloe vera"";""2,000 mg of Aloe vera inner gel"";""500 mg of Aloe Vera"";""ActivAloe Juice"";""Aloe"";""Aloe (Aloe barbadensis) leaf gel extract"";""Aloe (Aloe ferox) powder"";""Aloe barbadensis"";""Aloe barbadensis leaf juice"";""Aloe Extract"";""Aloe Extract Blend"";""Aloe ferox"";""Aloe gel powder"";""Aloe leaf"";""Aloe leaf extract"";""Aloe leaf powder"";""Aloe socotrina"";""Aloe vera"";""Aloe Vera (Aloe barbadensis) leaf powder"";""Aloe Vera (leaf) Concentrate"";""Aloe vera (leaf) Phytogel extract"";""Aloe vera (leaf) powder"";""Aloe vera (leaves) extract"";""Aloe Vera 200:1"";""Aloe vera 200:1 aqueous extract"";""Aloe Vera 200:1 Extract"";""Aloe vera concentrate"";""Aloe Vera Extract"";""Aloe vera extract 200:1"";""Aloe vera extract gel"";""Aloe Vera Gel"";""Aloe vera gel (Barbadensis Miller) inner filet"";""Aloe vera gel 200:1 ext."";""Aloe vera gel 200:1 extract"";""Aloe vera gel concentrate"";""Aloe vera Gel Extract"";""Aloe vera inner leaf gel 5:1 extract"";""Aloe Vera inner leaf gel powder"";""Aloe Vera inner leaf juice conc""",576,26
2535,Aloe vera,botanical,38,"""100% pure, organic Aloe vera"";""40x Aloe Vera concentrate"";""Aloe"";""Aloe leaf dried extract concentrated"";""Aloe leaf powder"";""Aloe vera"";""Aloe Vera (Aloe barbadensis) (leaf) powder"";""Aloe vera (Aloe barbadensis) extract"";""Aloe Vera (Aloe barbadensis) leaf gel extract"";""Aloe Vera (inner leaf fillet) extract"";""Aloe Vera Blend"";""Aloe vera extract"";""Aloe Vera Gel"";""Aloe Vera gel 200x"";""Aloe vera gel concentrate"";""Aloe vera gel extract"";""Aloe Vera gel powder"";""Aloe vera inner leaf"";""Aloe vera inner leaf gel"";""Aloe Vera inner leaf Gel Concentrate"";""Aloe Vera leaf (inner gel) extract"";""Aloe vera leaf concentrate"";""Aloe vera leaf gel (inner-heart filet) powder"";""Aloe vera leaf gel extract"";""Aloe vera leaf inner fillet extract"";""Aloe vera leaf juice powder"";""Aloe vera leaf Oil"";""Aloe vera powder"";""Aloe vera whole leaf concentrate"";""BiAloe Aloe Vera"";""certified organic Aloe Vera (Aloe bardensis) powder"";""freeze dried Aloe Vera"";""Kumari"";""Kumari powder"";""organic Aloe Vera"";""organic Aloe vera 100:1 extract"";""organic Aloe V""",146,8
3065,Alpha acids,chemical,3,"""Humulex Alpha Acids"";""Iso-alpha Acids"";""reduced Iso-Alpha Acids""",3,0
316,Alpha Galactosidase,enzyme,6,"""AGS a-Galactosidase"";""Alpha Galactosidase"";""Alpha-Galactosidase"";""Alpha-Galactosidase Enzyme"";""Alpha-Galactosidase powder"";""Alphagalactosidase""",529,16
469,Alpha Hydroxy Acids,Chemical,11,"""as citric acid"";""as malic acid"";""Calcium a-Hydroxyisocaproic Acid"";""Citrate"";""Glucono Delta Lactone"";""Glucono Delta Lactone powder"";""Glucuronolactone"";""L-Malate"";""Lactate"";""Malate"";""Malic acid""",52,0
2539,Alpha hydroxyisocaproic acid,chemical,2,"""HICA"";""HICA-DL-Alpha-Hydroxyisocaproic Acid""",7,0
1287,Alpha lactalbumin,Protein,3,"""Alpha-Lactalbumin"";""Alpha-Lactalbumin I.P"";""Alphalactalbumin""",23,0
8,Alpha Lipoic Acid,Chemical,44,"""""R"" Isomer Lipoic Acid"";""(R)-Lipoic Acid"";""1,2-Dithiolane-3-Pentanoic Acid"";""6,8-Thioctic Acid"";""ALA"";""Alipure solvent-free Alpha-Lipoic Acid"";""Alpha Linolenic Acid"";""Alpha Lipoic (Thioctic) Acid"";""Alpha Lipoic Acid"";""Alpha R-lipoic acid"";""Alpha-Linoleic Acid"";""Alpha-Lipoic"";""Alpha-Lipoic Acid"";""Alpha-Lipoic Acid & R-Lipoic Acid"";""Alpha-Lipoic-Acid"";""bio-enhanced R-Lipoic Acid"";""Biosolv Enhanced Sodium R-Lipoic Acid"";""Crystalline Alpha Lipoic Acid"";""DL-Alpha Lipoic Acid"";""DL-Alpha-Lipoic Acid"";""DT608 Thioctic Acid"";""K-RALA"";""KR Alpha Lipoic Acid"";""Lipoic Acid"";""Lipoic-Tech"";""Na-R-Alpha Lipoic Acid"";""Nutri-Nano Alpha Lipoic Acid"";""pure crystalline Alpha Lipoic Acid"";""pure R-Alpha Lipoic Acid"";""R (+) Alpha Lipoic Acid"";""R - alpha-lipoic Acid"";""R+ Alpha Lipoic Acid"";""R-ALA"";""R-Alpha Lipoic Acid"";""R-Alpha-Lipoic Acid"";""R-Fraction Alpha-Lipoic Acid"";""R-isomer Alpha Lipoic Acid"";""R-Lipoic Acid"";""R[+]-Alpha Lipoic Acid"";""Sodium R-Alpha Lipoate"";""Sodium R-Alpha Lipoic Acid"";""Sodium R-Lipoate"";""Sodium RNA"";""{alpha} Li""",2177,123
567,alpha Methyl Tetradecylthioacetic Acid,Chemical,1,"""a-MTTA""",4,0
3603,Alpha polylactate,chemical,1,"""Alpha-L-Polylactate""",10,0
1030,Alpha-Alanine,Amino Acid,1,"""Alanin""",1,0
1017,alpha-carotene,Botanical,2,"""Alpha Carotene"";""Alpha-Carotene""",142,11
1288,Alpha-cyclodextrin,Fiber,1,"""Alpha-Cyclodextrin""",19,0
315,Alpha-GPC,chemical,22,"""Alpha Glycerl-Phosphoryl Choline"";""Alpha Glyceryl Phosphoryl Choline"";""Alpha Glycerylphosphorylcholine"";""Alpha GPC"";""Alpha-Glycerolphosphorylcholine"";""Alpha-Glycerophosphocholine"";""Alpha-Glyceryl Phosphoryl Choline"";""Alpha-Glycerylphosphorylcholine"";""Alpha-GPC"";""Alpha-GPC complex"";""AlphaSize"";""Alphasize A-GPC"";""Alphasize Alpha-Glyceryl Phosphoryl Choline"";""AlphaSize L-Alpha-Glycerylphosphorylcholine"";""GlyceroPhosphoCholine"";""Glyceryl-Phosphorylcholine"";""Glycerylphosphorylcholine"";""GPC"";""GPC Choline"";""L-Alpha Glycerylphosphorylcholine"";""L-Alpha-Glycerylphosphorylcholine"";""L-Alpha-Glycerylphosphorylcholine Hydrate""",150,1
1052,Alpha-Ketoglutarate,Chemical,24,"""A-AKG"";""AAKG"";""AKG"";""Alpha Keto Glutarate"";""Alpha Keto Glutaric Acid"";""Alpha Ketoglutarate"";""Alpha KetoGlutaric Acid"";""Alpha-Keto Glutarate"";""Alpha-Keto Glutaric Acid"";""Alpha-Ketoglutarate"";""Alpha-Ketoglutaric Acid"";""Alpha-Ketoisocaproic Acid Calcium"";""Arginine Alpha Ketoglutarate"";""arginine alpha-ketoglutarate"";""Arginine Alphaketoglutarate"";""CITRUSOL"";""Creatine Alpha-Ketoglutarate"";""GKG"";""L-Arginine Alpha Keto Glutarate"";""L-Arginine Ketoglutarate"";""L-Leucine Alpha-Ketoglutarate"";""L-Ornithine AKG"";""L-Ornithine Alpha-Ketoglutarate"";""micronized Alpha-Ketoglutarate""",128,1
1029,Alpha-Linolenic Acid,Fatty Acid,24,"""18:3 (D9,12,15) cis-a-Linolenic acid"";""ALA"";""Alpha Linoleic Acid"";""Alpha Linolenic Acid"";""Alpha Linolenic {Acid}"";""Alpha-Linoleic Acid"";""Alpha-Linolenic"";""Alpha-Linolenic Acid"";""Alpha-Linolenic Acid - Flaxseed Oil"";""Alpha-Linolenic Acids"";""as alpha-Linolenic Acid"";""as Linolenic Acid"";""as {Alpha}-Linolenic Acid"";""Linolenic Acid"";""Linolenic {Acid}"";""linolenic {acid} 8.0%"";""Omega-3"";""Omega-3 - Alpha Linolenic Acid"";""Omega-3 ALA"";""Omega-3 Alpha-Linolenic Acid"";""Omega-3 Fatty Acids"";""Omega-3- Alpha Linolenic Acid"";""typical Alpha-Linolenic Acid content"";""typical Omega-3""",455,44
2807,Alpha-Methylselenobutanoic Acid,chemical,1,"""Alpha Methylselenobutanoic Acid""",6,0
1763,Alpine Cranberry,Botanical,2,"""Lingonberry extract"";""organic Lingonberry""",5,0
468,Alpinia,Botanical,9,"""Alpinia"";""Alpinia galanga rhizome extract"";""Alpinia katsumadai"";""Alpinia officinarum"";""East India Catarrh Root"";""Galangal"";""Galangal root extracts"";""Greater Galangal"";""Greater Galangal extract""",19,0
453,Alsonia scholaris,Botanical,1,"""Alstonia scholaris bark extract""",1,0
264,Aluminum,Element,1,"""Aluminum""",5,0
2985,Aluminum Hydroxide,other,1,"""Aluminum Hydroxide""",1,1
265,Amaranth,Botanical,6,"""Amaranth"";""Amaranthus caudatus"";""infusion (1:6000) of Amaranthus caudatus"";""organic Amaranth"";""organic sprouted Amaranth"";""Oxystorm Red Spinach extract""",104,5
3063,Amber,botanical,1,"""Succinum""",1,0
2975,Amber resin,botanical,1,"""Amber""",3,0
1739,Ambrette,Botanical,4,"""Okra"";""Okra Abelmoschus esculentus Concentrate"";""Okra Extract"";""Okra powder""",6,0
1078,American Dogwood,Botanical,4,"""Asiatic Dogwood"";""Cornus"";""Cornus Fruit"";""Cornus officinalis""",34,0
64,American Elder,Botanical,5,"""American Elder"";""Elder (Sambucus nigra) Flower"";""Elderberry"";""Elderberry extract"";""Elderberry standardized extract""",9,0
2562,American Ginseng,botanical,16,"""American Ginseng"";""American Ginseng (Panax quinquefolium) extract"";""American Ginseng (Panax quinquefolius) (root) extract"";""American Ginseng (Panax quinquefolius) extract"";""American Ginseng (Panax quinquefolius) root extract"";""American Ginseng (Panax quinquefolius) root/rhizome extract"";""American Ginseng extract"";""American Ginseng root extract"";""American Ginseng whole herb extract"";""American/Panax Ginseng root extract"";""certified organic American Ginseng"";""Ginseng"";""organic American Ginseng"";""Panax quinquefolium"";""standardized American Ginseng extract"";""wildcrafted American Ginseng""",119,1
3405,American Ivy,botanical,1,"""Wild Woodvine""",1,0
1279,American paw paw,Botanical,1,"""Acetogenins""",2,1
2162,American Spikenard,Botanical,2,"""American Spikenard (Aralia racemosa) root extract"";""Spikenard""",2,0
2298,Amino Acid (unspecified),amino acid,5,"""Amino Acids"";""Amino Acids 17"";""L-isoleucine"";""L-Valine"";""total Amino Acids""",5,0
272,Amino Acid Chelate,Amino Acid,3,"""Amino Acid Chelate"";""Amino Acids"";""Chromium""",33,3
217,aminoglycine,Amino Acid,1,"""Aminoglycine""",2,0
3507,Aminopeptidase,enzyme,1,"""Aminopeptidase""",2,0
3704,Ammonium chloride,other,1,"""Ammonium Chloride""",11,2
3359,AMP Citrate,chemical,2,"""4-Amino-2-Methylpentane Citrate"";""AMP Citrate""",14,0
9,Amylase,Enzyme,31,"""350mg Amylase"";""Alpha & Beta Amylase"";""Alpha Amylase"";""Alpha amylase enzyme"";""Alpha-Amylase"";""alpha-Amylase Enzyme"";""Amilasa"";""Amylase"";""Amylase Activity"";""Amylase Blend"";""Amylase Digestive Enzyme Blend"";""Amylase Enzyme"";""Amylase I"";""Amylase II"";""Amylase powder"";""Amylase SmartZYME"";""Amylase Thera-blend"";""Amylase U.S.P."";""Amylase units"";""Amylase {enzymes}"";""Amylases"";""Amyloglucosidase"";""Amylopectin"";""Bacterial Amylase"";""Beta Amylase"";""Concentrated vegetarian amylase"";""Fungal Amylase"";""Glucoamylase"";""Pancreatic Amylase"";""USP Amylase"";""vegetarian source amylase""",1763,78
3305,Amylase (alpha),enzyme,1,"""Alpha-Amylase""",2,0
2723,Amylase (Amylase I),enzyme,2,"""Amylase I"";""Amylase I, II""",6,0
2722,Amylase (Amylase II),enzyme,1,"""Amylase II""",4,0
2295,Amylase (gamma),enzyme,2,"""Amyloglucosidase"";""Glucoamylase""",13,0
3172,Amylase (mixed amylase),enzyme,1,"""Amylase Blend""",6,0
1882,Amylopectin,Fiber,2,"""Amylopectin"";""Vitargo""",15,0
1305,Anacard Or,Botanical,1,"""Anacard Or 10x, 30x & LM1""",1,0
3689,Ananain,enzyme,1,"""Ananain""",16,0
182,anchovies,Animal Part or Source,2,"""Anchovies"";""Anchovy""",7,1
1632,Androgen,Hormone,2,"""2a,3a-Epithio-17a-Methyl-5a-Androstan-17b-ol"";""4-chloro-17a-Methyl-Androsta-1,4-diene-3,17-diol""",7,1
324,Andrographis,Botanical,31,"""20% andrographolide"";""Andrographis"";""Andrographis (Andrographis paniculata) aerial extract"";""Andrographis (Andrographis paniculata) Aerial Part Extract"";""Andrographis (Andrographis paniculata) aerial parts extract"";""Andrographis (Andrographis paniculata) Leaf Extract"";""Andrographis aerial parts ext."";""Andrographis aerial parts extract"";""Andrographis AP-Bio(TM)"";""Andrographis extract"";""Andrographis herb extract"";""Andrographis Leaf Extract"";""Andrographis Paniculata"";""Andrographis paniculata 4:1 extract"";""Andrographis paniculata Aerial Parts Extract"";""Andrographis paniculata extract"";""Andrographis paniculata herb extract"";""Andrographis paniculata leaf extract"";""Andrographis paniculata ParActin(R)"";""Andrographis paniculata standardized extract"";""Andrographis paniculata Whole Plant Extract"";""Andrographis whole plant extract"";""AP-Bio(TM) proprietary Andrographis paniculata (leaf) extract"";""Chuan Xin Lian"";""dried Andrographis herb extract"";""Kalmegh"";""Kalmegh leaf powder"";""organic Andrographis"";""Paractin"";""Paractin (""",121,3
2280,Andrographis paniculata,botanical,12,"""Andrographis"";""Andrographis (Andrographis paninculata) leaf extract"";""Andrographis aerial extract"";""Andrographis aerial parts ext."";""Andrographis aerial parts extract"";""Andrographis extract"";""Andrographis herb (Andrographis paniculata) extract"";""Andrographis leaf extract"";""Andrographis paniculata standardized extract"";""Andrographis stem & leaf extract"";""Kalmegh"";""Kalmegh extract""",24,0
442,Anemarrhena,Botanical,6,"""Anemarrhena"";""Anemarrhena asphodeloides"";""Anemarrhena extract"";""Anemarrhena rhizome extract"";""Zhi Mu"";""Zhi Mu rhizome extract""",31,0
1041,Angelica ,Botanical,26,"""Angelica"";""Angelica (Angelica archangelica) leaf extract"";""Angelica (Angelica archangelica) root extract"";""Angelica archangelica"";""Angelica dahurica"";""Angelica extract"";""Angelica gigas"";""Angelica gigas Nakai"";""Angelica pubescens"";""Angelica root (Angelica archangelica) extract"";""Angelica root extract"";""Angelica sinensis"";""Bai Zhi"";""Chinese Angelica"";""Dang Gui"";""Decursinol 50(TM)"";""Decursinol-50 Angelica gigas Nakai extract"";""Decursional 50(TM)"";""dried Angelica root extract"";""Fragrant Angelica"";""infusion (1:6000) of Angelica archangelica"";""org. Angelica"";""organic Angelica"";""Proprietary Angelica root extract"";""pubescent Angelica"";""Wild angelica""",150,5
220,Angelica archanglica,Botanical,1,"""Angelica archangelica""",3,0
1497,Angelica gigas nakai,Botanical,2,"""Angelica gigas Nakai extract"";""Decursinol-50 (Angelica gigas Nakai) Root Extract""",2,0
221,Angostura,Botanical,1,"""Angostura bark""",1,0
1888,Aniracetam,Chemical,1,"""Aniracetam""",1,1
325,Anise ,Botanical,17,"""Anise"";""Anise (Illicium verum) fruit/seed Oil"";""Anise fruit Oil"";""Anise fruit/seed Oil"";""Anise liquid extract"";""Anise Oil"";""Anise powder"";""Anise Seed"";""Anise seed (Pimpinella anisum) extract"";""Anise seed essential oil"";""Anise seed oil"";""Anise seed powder"";""Anise Star"";""organic Anise"";""Pimpinella anisum"";""Pimpinella anisum stems extract"";""Pinella""",114,5
1042,Annatto,Botanical,11,"""Annatto"";""Annatto (Bixa orellana) extract"";""Annatto ext."";""Annatto extract"";""Annatto fruit and leaves extract"";""Annatto powder"";""Annatto seeds extract"";""certified organic Annatto extract"";""organic Annatto"";""organic Annatto extract"";""organic Annatto extract powder""",69,3
3166,Annatto Oil,fat,1,"""Annatto Oil concentrate""",1,0
2585,Anserina,botanical,1,"""Potentilla anserina L.""",1,0
293,Anserine,Amino Acid,1,"""Anserine""",1,0
294,Anterior pituitary,Animal Part or Source,2,"""Anterior Pituitary"";""bovine anterior pituitary""",2,1
297,anthocyanidin,Botanical,3,"""C3G Anthocyanidins"";""multi Anthocyanidins"";""std to 6.5% Anthocyanins""",4,0
3122,Anthocyanidins (unspecified),chemical,3,"""Anthocyanidins"";""Anthocyanins"";""Anthocyanosides""",22,1
296,anthocyanin,Botanical,5,"""30% anthocyanins"";""Anthocyanins"";""supplies 50 mg anthocyanins & 1900 ORAC"";""Total Anthocyanins"";""Wild Berry fruit extract""",6,0
2353,Anthocyanins,chemical,3,"""Anthocyanins"";""Maqui berry (Aristotelia chilensis) Anthocyanin extract"";""Wild Blueberry Anthocyanin extract""",55,2
295,anthocyanosides,Botanical,2,"""25% Anthocyanosides"";""Anthocyanosides""",4,0
298,anti-aromatase,Enzyme,1,"""Anti-Aromatase""",1,0
3349,Antimony,chemical,1,"""Antimony""",17,1
271,Antirrhinum majus,Botanical,2,"""Antirrhinum majus"";""infusion (1:6000) of Antirrhinum majus""",3,0
2504,Antrodia camphorata,other,1,"""Antrodia camphorata""",5,0
222,Apigenin,Botanical,3,"""5,7-Dihydroxy-2-(4-hydroxyphenyl)-4H-1-benzopyran-4-one"";""Apigen graveolens"";""Apigenin""",41,1
1043,Apple,Botanical,70,"""Ancient Peat & Apple extract"";""Apple"";""Apple (fiber) powder"";""Apple (Malus domestica) extract"";""Apple (Malus Domestica) Frui Extract"";""Apple (Malus domestica) fruit extract"";""Apple (Malus domestica) Pectin"";""Apple (Malus pumila) extract"";""Apple extract"";""Apple extract powder"";""Apple Fiber"";""Apple Fiber fruit powder"";""Apple fruit 12:1 extract"";""Apple fruit extract"";""Apple fruit fiber"";""Apple fruit powder"";""Apple Fruit Skin Extract"";""Apple Juice"";""Apple juice concentrate"";""Apple juice powder"";""Apple juice solids"";""Apple organic fruit powder"";""Apple Pectin"";""Apple Pectin Fiber"";""Apple Pectin powder"";""Apple pieces"";""Apple powder"";""Apple skin extract"";""Apple whole fruit pdr."";""Apple whole fruit powder"";""Apple {extract}"";""apple {fruit powders}"";""ApplePectin"";""Apples"";""certified organic Apple (Malus domestica) juice concentrate"";""Crab Apple (Malus sylvestris) bud extract"";""dried Apple"";""dried Apples"";""ElevATP(TM) Ancient Peat & Apple extract"";""infusion (1:6000) of Malus sylvestris"";""Malus pumila"";""Manzana"";""organic """,702,35
328,Apple Cider Vinegar,Botanical,13,"""Apple Cider Vinegar"";""Apple Cider Vinegar (Malus pumila) powder"";""Apple Cider Vinegar concentrate"";""Apple Cider Vinegar extract"";""Apple Cider Vinegar Powder"";""Cider Vinegar"";""Cider Vinegar powder"";""organic Apple Cider Vinegar"";""organic Apple Cider Vinegar powder"";""organic Apple Cider Vinegar with Mother"";""organic unfiltered Apple Cider Vinegar"";""pure Apple Cider Vinegar"";""Vinegar""",142,7
2503,Apple fiber,fiber,5,"""Apple Fiber"";""Apple Fiber powder"";""Apple Fiber pwd"";""organic Apple Fiber"";""organic Apple Fiber powder""",70,0
626,Apricot,Botanical,17,"""Apricot"";""Apricot (Prunus armeniaca) fruit extract"";""Apricot (seed) conc."";""Apricot concentrate"";""Apricot extract"";""Apricot fruit pdr."";""Apricot fruit powder"";""Apricot Juice"";""Apricot juice powder"";""Apricot powder"";""Apricots"";""certified organic Apricot fruit powder"";""dried Apricots"";""Japanese Apricot fruit"";""organic Apricot"";""powdered Apricots"";""Prunus armeniaca""",194,10
2010,Aquilaria agallocha,Botanical,1,"""Aquilaria agallocha""",1,0
329,ARA-6,Botanical,1,"""AR7 Blend""",1,0
3540,Arabinogalactan,fiber,4,"""ARA-Larix"";""Arabinogalactan"";""ImmunEnhancer"";""Larch Fiber""",47,2
2430,Arabinogalactans,fiber,8,"""ARA-Larix"";""Arabinogalactan"";""Arabinogalactan AG"";""Arabinogalactan Larch Tree"";""Arabinogalactans"";""FiberAid Arabinogalactan"";""FiberAid Arabinogalactans"";""Larix laricina""",38,0
3544,Arabinoxylan,fiber,1,"""Arabinoxylane""",1,0
1467,Arachidonic Acid,Fatty Acid,8,"""ARA"";""Arachidic Acid"";""Arachidonic Acid"";""Aracidonic Acid"";""Eicosanoic Acid"";""Eicosatetraenoic Acid"";""Icosa-5,6,11,14-Tetraenoic Acid"";""Pure Apple Pectin""",38,3
1657,Aralia,Botanical,1,"""Aralia mandshurica""",1,0
1289,Arbutin,Botanical,1,"""Arbutin""",3,0
2135,Ardue,Botanical,3,"""Chufa grass"";""Cyperus rotundus"";""Xiang Fu""",3,0
223,Areca,Botanical,2,"""Areca catechu"";""Areca seed""",4,0
2368,Arginine,amino acid,20,"""2-Amino-5-(Diaminomethylidene-Amino) Pentanoic Acid"";""AjiPure pharmaceutical grade L-Arginine"";""Arginine"";""Arginine Base"";""Arginine HCl"";""Arginine Nitrate"";""immediate Release L-Arginine"";""L-Arginine"";""L-Arginine AKG"";""L-Arginine Base"";""L-Arginine Ethyl Ester Dihydrochloride"";""L-Arginine HCl"";""L-Arginine Hydrochloride"";""L-Arginine Malate"";""L-Arginine Monohydrate Hydrochloride"";""L-Arginine powder"";""L. Arginine"";""LArginine"";""micronized L-Arginine"";""Nitrosigine Arginine Inositol Silicate""",1036,33
2618,Arginine Alpha Ketoglutarate,chemical,13,"""AKG"";""Alpha Ketoisocaproate"";""Arginine AKG 2:1"";""Arginine Alpha Keto-Glutarate"";""Arginine Alpha Ketoglutarate"";""L-Arginine AKG"";""L-Arginine AKG (Alpha-Ketoglutarate) Dihydrate"";""L-Arginine Alpha Keto-Glutarate"";""L-Arginine Alpha Keto-Glutarate 2:1"";""L-Arginine Alpha Ketoglutarate"";""L-Arginine Alpha-Ketoglutarate"";""L-Arginine-Alphaketoglutarate"";""L-Arginine-Ketoisocaproate""",66,1
2391,Arginine alpha-ketoglutarate,chemical,8,"""A-AKG"";""AAKG"";""Arginine AKG"";""Arginine Alpha-Ketoglutarate"";""Arginine-Alphaketoglutarate"";""L-Arginine AKG"";""L-Arginine Alpha Ketoglutarate powder:"";""L-Arginine Alpha-Ketoglutarate""",196,2
2700,Arginine alpha-ketoisocaproic acid,chemical,2,"""A-KIC"";""L-Arginine Ketoisocaproate""",4,0
3348,Arginine malate,chemical,5,"""Di-Arginine Malate"";""L-Arginine DL Malate"";""L-Arginine DL-Malate"";""Nitrous Malate"";""Nitrous Malate Diarginine Malate""",19,0
3271,Arginine pyroglutamate,chemical,3,"""Arginine Pyroglutamate"";""L Arginine Pyroglutamate"";""L-Arginine L-Pyroglutamate""",22,2
2590,Arjuna,botanical,3,"""Arjuna bark extract"";""Arjuna extract"";""Rejuna Arjuna 10:1 extract""",7,0
32,Arnica,Botanical,11,"""Arnica"";""Arnica extract"";""Arnica flower (Arnica montana) extract"";""Arnica liquid extract"";""Arnica mollis"";""Arnica montana"";""flower essence infusions of Arnica"";""flower essence infusions of Arnica mollis"";""fresh Arnica"";""infusion (1:6000) of Arnica mollis"";""selectively imported Arnica montana""",14,0
3049,Aromatic Solomon's Seal,botanical,1,"""Polygonatum odoratum""",2,0
224,Aronia melanocarpa,Botanical,5,"""Argan Oil"";""Aronia"";""Aronia Berry Extract"";""organic Aronia"";""organic Aronia berry extract""",9,1
1659,Artemisia,Botanical,9,"""Artemesia"";""Artemesia Annua"";""Artemisia"";""Artemisia Annua"";""Artemisia Annua Extract"";""Artemisia annua flowering herb (Artemisia annua) extract"";""Artemisia capillaris extract"";""Capillary Artemisia"";""infusion (1:6000) of Artemisia tridentata""",14,0
2951,Artemisia anomala,botanical,1,"""Artemisia anomala""",1,0
568,Artemisia Herba-Alba,Botanical,1,"""Russian Tarragon Extract""",1,0
2508,Artemisinin,chemical,1,"""Artemisinin""",16,0
330,Artichoke,Botanical,58,"""Artichock"";""Artichoke"";""Artichoke (Cynara scolymus l.) extract"";""Artichoke (Cynara scolymus L.) leaf 4:1 extract"";""Artichoke (Cynara scolymus) (aerial parts) extract"";""Artichoke (Cynara scolymus) aerial part extract"";""Artichoke (Cynara scolymus) dry extract"";""Artichoke (Cynara scolymus) extract"";""Artichoke (cynara scolymus) leaf"";""Artichoke (Cynara scolymus) leaf extract"";""Artichoke (Cynara scolymus) leaf powder"";""Artichoke (Cynara scolymus) leaves dry extract"";""Artichoke (leaf) ext."";""Artichoke (leaf) extract"";""Artichoke (leaves) extract"";""Artichoke (root) extract"";""Artichoke 4:1 extract"";""Artichoke aerial extract"";""Artichoke aerial parts extract"";""Artichoke aqueous extract"";""Artichoke extract"";""Artichoke flower extract"";""Artichoke flower extract 17:1"";""Artichoke fruit leaf extract"";""Artichoke leaf"";""Artichoke leaf & inflorescence extract"";""Artichoke leaf (Cynara scolymus) extract"";""Artichoke leaf 2.5% Extract"";""Artichoke leaf 4:1 extract"";""Artichoke leaf 5:1 extract"";""Artichoke leaf and root extract"";""Artic""",445,15
1053,Artificial Color,Other,1,"""Chromic Oxide""",1,0
225,Arugula,Botanical,2,"""Arugula"";""organic Arugula""",17,0
1388,Asafoetida,Botanical,6,"""Asafetida"";""Asafetida (Ferula assa-foetida) oleo-gum-resin extract"";""Asafoetida"";""Ferula asafoetida (seed) extract"";""Ferula assa-foetida"";""Ferula assafoetida""",17,0
229,Asclepias cordifolia,Botanical,1,"""Asclepias cordifolia""",1,0
1733,Ash,Botanical,6,"""Ash"";""European Ash (Fraxinus excelsior) Bud Extract"";""European Ash (seed, fruit) extract"";""Fraxinus"";""FraxiPure(R) European Ash extract"";""Korean Ash""",10,0
3170,Ashitaba,botanical,1,"""ChalCurb Ashitaba extract""",1,0
3739,Ashoka,botanical,1,"""Ashoka powder""",1,0
11,Ashwagandha,Botanical,109,"""5% withanolides"";""Adaptest Ashwagandha (Withania somnifera) root extract"";""Ashwaganda"";""Ashwaganda extract"";""Ashwaganda root extract"";""Ashwaganda root powder"";""Ashwaganda SE 1.5%"";""Ashwagandha"";""Ashwagandha (root) extract"";""Ashwagandha (root) powder"";""Ashwagandha (roots) powder"";""Ashwagandha (Sensoril brand) extract"";""Ashwagandha (Sensoril brand) root and leaf extract"";""Ashwagandha (Withania somnifera) (root) extract"";""Ashwagandha (Withania somnifera) (root) standardized extract"";""Ashwagandha (Withania somnifera) (Sensoril brand) root and leaf extract"";""Ashwagandha (Withania somnifera) (Sensoril(R) brand) root and leaf extract"";""Ashwagandha (Withania somnifera) extract"";""Ashwagandha (Withania somnifera) Root 5:1 Extract"";""Ashwagandha (Withania somnifera) root and leaf extract"";""Ashwagandha (Withania somnifera) root dry extract"";""Ashwagandha (Withania somnifera) root extract"";""Ashwagandha (Withania somnifera) Root Extract 4:1"";""Ashwagandha (Withania somnifera) root std. extract"";""Ashwagandha (Withania somnifer""",977,25
2884,Asian Bayberry,botanical,2,"""Bayberry"";""Myrica nagi bark extract""",7,0
3686,Asiatic Dogwood,botanical,2,"""Asiatic Dogwood"";""Asiatic Dogwood extract""",3,0
1047,Asparagus,Botanical,30,"""air-dried Asparagus"";""Asparagine"";""Asparagus"";""Asparagus (Asparagus officinalis) rhizome extract"";""Asparagus (Asparagus officinalis) spear extract"";""Asparagus (root) extract"";""Asparagus 10:1 extract"";""Asparagus adscendens"";""Asparagus concentrate"";""Asparagus extract"";""Asparagus juice powder"";""Asparagus leaf and stem extract"";""Asparagus powder"";""Asparagus root"";""Asparagus root 5:1 extract"";""Asparagus root extract"";""Asparagus Root Powder"";""Asparagus shoot powder"";""Chinese Asparagus"";""Green Garden Asparagus Asparagus officinalis Concentrate"";""Green Garden Asparagus officinalis concentrate"";""organic Asparagus"";""organic Asparagus juice"";""organic Asparagus powder"";""organic Shatavari powder"";""Shatavari"";""Shatavari root (Asparagus racemosa) extract"";""Shatavari root extract & Shatavari root powder blend"";""Sitawari"";""wild Asparagus""",329,29
3597,Asparagus fern,botanical,1,"""Asparagus racemosus (root) powder""",1,0
2083,Asparagus racemosus,Botanical,12,"""Asparagus racemosus"";""dried Shatavari root extract"";""organic Shatavari"";""organic Shatavari extract"";""organic Shatavari powder"";""Shatavari"";""Shatavari (Asparagus racemosus) extract"";""Shatavari (Asparagus racemosus) root extract"";""Shatavari extract"";""Shatavari root (Asparagus racemosus) extract"";""Shatavari root extract"";""Shatavari root powder""",61,0
1055,aspartame,Chemical,1,"""Asparagine""",1,0
1048,Aspartates,Amino Acid,10,"""as Potassium Aspartate"";""Aspartate"";""Aspartic Acid"";""D-Aspartic Acid"";""L-Asparagine"";""L-Aspartamine"";""L-Aspartate"";""L-Aspartic"";""L-Aspartic Acid"";""Potassium Aspartate""",59,0
2408,Aspartic Acid,amino acid,7,"""AjiPure Pharmaceutical Grade L-Aspartic Acid"";""Aspartic Acid"";""D-Aspartic Acid"";""D-Aspartic Acid (DAA) powder:"";""L-Aspartate"";""L-Aspartic Acid"";""L-Aspartic-Acid""",361,12
1864,Aspen,Botanical,2,"""infusion (1:6000) of Populus tremula"";""Populus tremula""",3,0
2800,Aspergillopepsin,enzyme,1,"""Aspergillopepsin""",45,1
3732,Aspergillus (unspecified),other,1,"""Aspergillus""",1,0
1293,Aspergillus melleus,Enzyme,1,"""Aspergillus melleus""",6,0
2640,Aspergillus niger,other,1,"""Aspergillus niger""",11,0
1170,Aspergillus niger (A. niger),Other,4,"""alpha-Galactosidase"";""Aspergillus niger"";""Aspergillus niger enzyme"";""Lipase""",5,1
2525,Aspergillus oryzae,other,3,"""Aspergillus oryzae"";""Aspergillus oryzae plant enzymes"";""Protease""",19,0
1171,Aspergillus oryzae (A. oryzae),Other,3,"""Aspergillus Oryza"";""Aspergillus oryzae enzyme"";""Protease""",8,1
12,Astaxanthin,Chemical,26,"""2% astaxanthin"";""AstaPure Astaxanthin"";""AstaPure(R) Pure Astaxanthin"";""AstaPure(TM) Astaxanthin"";""AstaReal"";""AstaReal Astaxanthin"";""AstaREAL natural Astaxanthin"";""Astaxanthin"";""Astaxanthin (extract from Haematococcus pluvialis microalgae)"";""Astaxanthin (from Haematococcus pluvialis) extract"";""Astaxanthin 1.5% extract"";""Astaxanthin 2%"";""Astaxanthin Complex"";""Astaxanthin Esterified"";""Astaxanthin extract"";""BioAstin"";""Bioastin Astaxanthin"";""BioAstin Hawaiian Astaxanthin"";""esterified Astaxanthin"";""natural Astaxanthin"";""natural Hawaiian Astaxanthin"";""organic Astaxanthin"";""pure Astaxanthin"";""supplying Astaxanthin extract"";""Total Astaxanthin"";""Zanthin natural Astaxanthin""",602,52
1230,Aster tataricus,Botanical,2,"""Aster"";""Aster tataricus""",2,0
3583,Astragaloside IV,chemical,1,"""Astragaloside IV""",1,0
13,Astragalus,Botanical,66,"""Astragalosides"";""Astragalus"";""Astragalus (Astragalus membranaceus) (root) extract"";""Astragalus (Astragalus membranaceus) (root) extract powder"";""Astragalus (Astragalus membranaceus) extract"";""Astragalus (Astragalus membranaceus) powder"";""Astragalus (Astragalus membranaceus) root 5:1 extract"";""Astragalus (Astragalus membranaceus) root dry extract"";""Astragalus (Astragalus membranaceus) root extract"";""Astragalus (Astragalus membranous) (root) extract powder"";""Astragalus (root) (Astragalus membranaceous) extract"";""Astragalus (root) extract"";""Astragalus ext."";""Astragalus extract"";""Astragalus extract 5:1"";""Astragalus extract powder"";""Astragalus herb powder"";""Astragalus Herbal extract"";""Astragalus hoantchy"";""Astragalus membranaceous"";""Astragalus membranaceous extract"";""Astragalus membranaceous root extract"";""Astragalus membranaceus"";""Astragalus membranaceus (root) extract"";""Astragalus membranaceus extract"";""Astragalus membranaceus root 4:1 extract"";""Astragalus membranaceus root extract"";""Astragalus membranaceus root""",894,25
718,ATP,Other,2,"""ATP"";""Peak ATP""",8,0
1051,Atractylodes,Botanical,20,"""Atractylodes"";""Atractylodes lancea"";""Atractylodes macrocephala"";""Atractylodes Rhizoma"";""Atractylodes root extract"";""Atractylodis Macrocephalae Rhizoma"";""Bai Zhu"";""Bai Zhu Atractylodes"";""Bai-Zhu"";""Bai-Zhu Atractylodes"";""Bai-Zhu Atractylodes (root) extract"";""Bai-Zhu Atractylodes rhizome extract"";""Cang Zhu"";""Cang Zhu (Atractylodes lancea) rhizome extract"";""Cang-Zhu Atractylodes"";""dried Bai-Zhu Atractylodes rhizome extract"";""Red Atractylodes"";""Rhizoma Atractylodis"";""Rhizoma Atractylodis Macrocephalae"";""White Atractylodes""",198,4
2206,Avens,Botanical,2,"""Geum triflorum"";""infusion (1:6000) of Geum triflorum""",3,0
2620,Avian Cartilage,animal part or source,1,"""UC-II standardized Chicken Cartilage""",1,0
258,Avocado,Botanical,8,"""Avocado"";""Avocado (Persea gratissima) Unsaponifiables"";""Avocado Oil"";""Avocado powder"";""Avocado Unsaponifiables"";""AvoVida Avocado/Soy Unsaponifiables"";""organic Avocado"";""Persea gratissima""",41,1
3155,Avocado Oil,fat,2,"""Avocado Oil"";""Avocado Oil powder""",22,0
2948,Axocopaque,botanical,1,"""Axocopaque""",1,1
