Ingredient - Group ID,Ingredient - Group Name,CATEGORY,# of Synonyms /Sources,Synonyms/Sources,# of Products,# of NHANES Products
2123,Umbrella Arum,Botanical,1,"""Konjac""",1,0
2467,Umckaloabo,botanical,3,"""Pelargonium sidoides root extract"";""Umckaloabo"";""Umckaloabo root (Pelargonium sidoides) extract""",7,0
3030,Uncaria rhynchophylla,botanical,1,"""Uncaria rhynchophylla""",7,0
2995,Undecylenic Acid,other,1,"""Undecylenic Acid""",4,0
3017,Unsaponifiables (unspecified),chemical,3,"""ASU"";""Avocado/Soybean Unsaponifiables"";""AvoVida Avocado fruit/Soy seed Unsaponifiables""",4,0
2133,Unsaturated Fat,Fat,1,"""Unsaturated Fat""",46,1
2019,Uraria picta,Botanical,3,"""Prishniparni"";""Uraria picta"";""Uraria picta extract""",9,0
3056,Uric Acid,chemical,1,"""Hpus Uricum Acidum""",1,0
3300,Uridine,chemical,1,"""Uridine""",2,0
3212,Uridine monophosphate,chemical,1,"""Uridine 5'-Monophosphate""",1,0
2413,Ursolic Acid,chemical,1,"""Ursolic Acid""",4,0
2197,Usnea,Botanical,7,"""dried Usnea lichen extract"";""ethically wild harvested Usnea"";""Usnea"";""Usnea extract"";""Usnea Lichen"";""Usnea lichen (Usnea spp.) extract"";""Usnea lichen extract""",19,0
1921,Uterus,Animal Part or Source,4,"""Bovine (Bos taurus) Uterus"";""Raw Uterus Concentrate"";""raw Uterus Tissue"";""Uterine Tissue""",6,0
130,Uva Ursi,Botanical,41,"""Arctostaphylos"";""Arctostaphylos pinguica"";""Arctostaphylos Uva Ursi"";""Bearberry"";""Bearberry extract"";""dried Uva-ursi herb extract"";""Mt. Cranberry"";""organic Mountain Cranberry powder"";""organic Uva Ursi"";""organic Uva Ursi leaf extract"";""Uva Ursi"";""Uva ursi (Arctostaphylos pungens) leaf powder"";""Uva Ursi (Arctostaphylos uva-ursi) extract"";""Uva Ursi (Arctostaphylos uva-ursi) leaf 3:1 extract"";""Uva Ursi (Arctostaphylos uva-ursi) leaf extract"";""Uva Ursi (Arctostaphylos uva-ursi) powder"";""Uva Ursi (Artostaphylos uva-ursi) powder"";""Uva Ursi 3:1 extract"";""Uva Ursi 4:1 extract"";""Uva Ursi 4:1 extract Powder"";""Uva Ursi ext"";""Uva ursi ext."";""Uva Ursi extract"";""Uva Ursi extract 3:1"";""Uva Ursi herbal extract"";""Uva ursi Leaf 4:1 Extract"";""Uva Ursi Leaf Extract"";""Uva Ursi leaf powder"";""Uva Ursi leaves extract"";""Uva Ursi powder"";""Uva-Ursi"";""Uva-Ursi (Arctostaphylos uva-ursi) (leaf) powder"";""Uva-ursi (Arctostaphylos uva-ursi) leaf extract"";""Uva-Ursi (leaf) extract"";""Uva-Ursi extract"";""Uva-Ursi leaf (Arctostaphylos uva-ursi) extr""",432,9
