Ingredient - Group ID,Ingredient - Group Name,CATEGORY,# of Synonyms /Sources,Synonyms/Sources,# of Products,# of NHANES Products
3551,1-Androstenolone,chemical,1,"""3b-Hydroxy-Androst-1-Ene-17-One""",2,0
3188,1-androsterone,chemical,9,"""1 Androstene-3b-Ol, 17-One"";""1 Androstene-3b-ol,17-one"";""1 Androstene-3b-Ol,17-One Caprylate"";""1 Androstene-3b-Ol,17-One Undecanoate"";""1-Androstene-3b-01, 17-One"";""1-Androstene-3B-Ol,17-One"";""1-Androstene-3Beta-OI,17-One"";""1-Androsterone"";""Androsterone""",15,0
1116,1-deoxynojirimycin,Chemical,1,"""1-Deoxynojirimycin""",2,0
3291,10-Hydroxy-2-Decanoic Acid,fatty acid,1,"""10-HDA""",2,0
3453,10-Undecenoic Acid,other,1,"""10-Undecenoic Acid""",1,0
3375,11-hydroxy yohimbine,chemical,2,"""11-Hydroxy Yohimbine"";""11-Hydroxy-Yohimbine""",3,0
2611,11-keto-beta-boswellic acid,chemical,3,"""3-Acetyl-11-Keto-Beta-Boswellic Acid"";""3-O-Acetyl-11-Keto-Beta-Boswellic Acid"";""AKBA""",5,0
3361,17a-di methyl-bol,chemical,2,"""17a-di methyl-bol"";""17Alpha-Di Methyl-Bol""",3,0
3537,17a-ethyl-estr-5(6)-ene-3B-diol,chemical,1,"""17a-Ethyl-Estr-5(6)-Ene-3B-Diol""",1,0
3602,18-Methylest-4en-3-one-17B-ol,chemical,1,"""18-Methylest-4en-3-One-17B-Ol""",2,0
3367,19-Norandrosta-drol,chemical,1,"""19-Norandrosta-Drol""",4,0
1302,2-(carbamimidoyl-methyl-amino) ethoxyphosphonic acid,Chemical,1,"""2-(Carbamimidoyl-Methyl-amino) Ethoxyphosphonic Acid""",1,0
1277,20-BetaHydroxyEcdysterone,Chemical,1,"""20-Beta-Hydroxyecdysterone""",2,0
3201,3-deoxy 7-oxo DHEA,chemical,6,"""Androst 3,5-Dien-7,17-Dione"";""Androst-3,5-diene-7,17-dione"";""Androsta 3,5-Diene-7,17-Dione"";""Androsta-3 5-diene-7 17-dione"";""Androsta-3,5-Diene-7,17-Dione"";""Arimistane""",21,0
3487,4 Androstene 4 chloro 17 alpha methyl 3 beta 17 beta diol,chemical,1,"""4-Chloro-17a-Methyl-Androst-4-Ene-3b,17b-Diol""",1,0
3190,5-androsten-3beta-ol-17-one,chemical,2,"""5-Androstan-3b-ol,17-one"";""5-Androsten-3Beta-Ol-17-One""",5,0
305,5-HTP,Chemical,17,"""5 HTP"";""5-HTP"";""5-HTP (Griffonia simplicifloia) [Seed] Extract"";""5-HTP extract"";""5-Hydroxy L-Tryptophan"";""5-Hydroxy Tryptophan"";""5-Hydroxy-L-Tryptophan"";""5-Hydroxytryotophan"";""5-Hydroxytryptophan"";""5-Hydroxytryptophan (Griffonia simplicifolia) seed ext."";""5HTP"";""L 5-Hydroxytryptophan"";""L-5 HTP"";""L-5 Hydroxytryptophan"";""L-5-HTP"";""L-5-hydroxy-tryptophan"";""L-5-Hydroxytryptophan""",429,6
3236,5-Methoxytryptamine,chemical,1,"""5-Methoxytryptamine HCl""",12,0
2311,5-Methyltetrahydrofolate Glucosamine,chemical,9,"""(6S)-5-Methyltetrahydrofolate Acid, Glucosamine Salt"";""(6S)-5-Methyltetrahydrofolic Acid, Glucosamine Salt"";""6(S)-5-Methyltetrahydrofolic Acid, Glucosamine Salt"";""6S-5-Methyltetrahydrofolic Acid, Glucosamine Salt"";""Quatrefolic (6S)-5-Methyltetrahydrofolic Acid"";""Quatrefolic (6S)-5-Methyltetrahydrofolic Acid, Glucosamine Salt"";""Quatrefolic brand (6S)-5-Methyltetrahydrofolate Glucosamine Salt"";""Quatrefolic [6S]-5-Methyltetrahydrofolic Acid"";""Quatrefolic(R)""",59,1
3217,5a-hydroxy laxogenin,chemical,3,"""5-Alpha-Hydroxy Laxogenin"";""5a-Hydroxy Laxogenin"";""5A-Hydroxy-Laxogenin""",15,0
3450,6-Bromoandrostenedione,chemical,1,"""6-Bromoandrostenedione""",7,0
2671,7-Hydroxymatairesinol,chemical,2,"""HMRlignan Norway Spruce"";""HMRlignan Norway Spruce (Picea abies) Lignan extract""",2,1
395,7-KETO-DHEA,Chemical,9,"""7-Keto"";""7-Keto DHEA"";""7-Keto DHEA Acetate"";""7-Keto(R)"";""7-Keto(R) DHEA"";""7-KETO(TM)"";""7-Keto-Dehydroepiandrosterone Acetate"";""7-Keto-DHEA"";""7-Oxo-DHEA Acetate""",49,0
3366,7-Methoxyflavone,chemical,1,"""7-Methoxyflavone""",4,0
3365,8-Prenylnaringenin,chemical,1,"""8-Prenylnaringenin""",1,0
