Ingredient - Group ID,Ingredient - Group Name,CATEGORY,# of Synonyms /Sources,Synonyms/Sources,# of Products,# of NHANES Products
2153,Wahoo,Botanical,1,"""Wahoo""",1,0
2443,Wakame,other,8,"""Brown Seaweed"";""Fucoxanthin extract"";""Maritech 926 wild-harvested Patagonian Wakame"";""Undaria pinnatifida extract"";""Wakame"";""Wakame fucoxanthin extract"";""Wakame powder"";""Wakame seaweed""",21,0
2932,Walnut (unspecified),botanical,1,"""Walnut""",7,0
2832,Walnut Oil,fat,1,"""cold pressed Walnut Oil""",1,0
1266,Wasabia japonica,Botanical,8,"""Sawa Wasabia japonica"";""Sawa(TM) Wasabia japonica"";""Sawasabi Wasabi powder"";""Wasaba japonica"";""Wasabi"";""Wasabi 4:1 extract"";""Wasabi extract"";""Wasabia japonica""",26,1
1013,Water,Other,18,"""Coconut Water concentrate"";""deionized Water"";""distilled Water"";""DM Water"";""filtered Water"";""high energy Water"";""mountain well Water"";""pure Water"";""Purified Deionized/Distilled Water"";""Purified Structured High Mineral Water"";""Purified Structured Mineral Water"";""purified structured Spring Water"";""Purified USP Water"";""purified Water"";""raw Coconut Water extract"";""spring Water"";""Springwater"";""Water""",172,1
323,Water Plantain,Botanical,6,"""Alisma"";""Alisma orientalis"";""Asian Water Plantain"";""Water Plantain"";""Water Plantain (root) extract"";""Ze Xie""",56,0
723,Watercress,Botanical,18,"""fresh Watercress herb extract"";""organic Watercress"";""organic Watercress sprout"";""Watercress"";""Watercress (Nasturtium officinale) Whole plant 4:1 Extract"";""Watercress (Rorippa nasturtium-aquaticum) aerial parts extract"";""Watercress 4:1 extract"";""Watercress concentrate"";""Watercress extract"";""Watercress herb 4:1 extract"";""Watercress herb extract"";""Watercress herb powder"";""Watercress juice powder"";""Watercress leaf extract"";""Watercress leaf juice powder"";""Watercress leaf powder"";""Watercress leaves powder"";""Watercress powder""",238,16
727,Watermelon,Botanical,13,"""AminoMelon Watermelon extract"";""organic Watermelon"";""Powdered Whole Watermelon"";""Watermelon"";""Watermelon (Citrullus Lanatus Mansfeld) Powder"";""Watermelon (Citrullus lanatus) juice extract"";""Watermelon Extract"";""Watermelon fruit extract"";""Watermelon fruit powder"";""Watermelon juice"";""Watermelon juice powder"";""Watermelon powder"";""Watermelon seed powder""",115,5
1168,Waxy Maize,Carbohydrate,4,"""Waxy Maize"";""Waxy Maize Rice"";""Waxy Maize Starch"";""Waxy-Maize""",63,1
433,Weak Jumby Pepper,Botanical,1,"""Weak Jumby Pepper""",1,0
3058,Western Honey Bee,animal part or source,1,"""Apis mellifica""",1,0
2446,Wheat,botanical,33,"""Avemar freeze-dried fermented Wheat Germ 47:1 extract"";""Ceramosides Ceramide Wheat extract"";""Ceramosides Wheat seed extract"";""Ceratiq wheat (Triticum vulgare) oil extract"";""defatted Wheat"";""dehyrated organic Wheat Grass"";""dry Wheat Grass powder"";""fermented Wheat Germ extract-super concentrate"";""Non-Hybrid Wheat Grass"";""organic Egyptian Wheat Grass"";""organic Wheat"";""organic Wheat Grass"";""organic Wheat Grass fine ground powder"";""organic Wheat Grass juice powder"";""organic Wheat Grass powder"";""organic Wheatgrass"";""organic whole Wheat Grass powder"";""Pine organic Wheat Grass"";""PrebioSure digestive Wheat Germ extract"";""Wheat"";""Wheat Germ"";""Wheat Germ oil"";""Wheat Germ powder"";""Wheat Grass"";""Wheat Grass juice"";""Wheat Grass juice powder"";""Wheat Grass powder"";""Wheat sprout concentrate"";""Wheat sprout extract"";""Wheat sprout powder"";""Wheat Sprouts"";""Wheatgrass"";""young Wheat Sprouts""",299,22
133,Wheat Bran,Botanical,11,"""HWG"";""organic fetal Wheat sprout concentrate"";""Triticum aestivum"";""Wheat"";""Wheat Berry"";""Wheat berry ext. 300:1"";""Wheat Bran"";""Wheat Bran Powder"";""Wheat Germ"";""Wheat Germ Oil"";""Wheat juice powder""",48,2
1639,Wheat germ,Botanical,7,"""Ceramosides(TM) Ceramide Wheat Extract"";""defatted Wheat Germ"";""fermented Wheat Germ extract"";""Wheat (Triticum aestivum L.) germ extract"";""Wheat (Triticum aestivum) germ extract"";""Wheat Germ"";""Wheat germ oil""",24,7
2787,Wheat Protein,protein,2,"""cross flow micro filtered Whey Protein isolate"";""ion exchanged Whey Protein isolate""",1,0
667,Wheatgrass,Botanical,38,"""Couch Grass"";""Couch Grass (Agropyron repens) extract"";""Couch Grass (Elytrigia repens) (root) powder"";""Couch Grass Root 3:1 Extract"";""Couchgrass rhizome"";""organic Wheat"";""organic Wheat Grass"";""organic Wheat Grass 10:1 extract"";""organic Wheat Grass bud powder"";""organic Wheat Grass juice 19:1 extract"";""Organic Wheat Grass juice powder"";""organic Wheat Grass powder"";""organic Wheat Grass Whole Leaf Powder"";""organic Wheat Grass(Triticum aestivum) juice powder"";""organic Wheatgrass"";""organic Wheatgrass powder"";""organic whole leaf Wheat Grass powder"";""Wheat Grass"";""Wheat Grass (Triticum aestivum) aerial powder"";""Wheat Grass (Triticum aestivum) arial powder"";""Wheat Grass Concentrate"";""Wheat Grass juice"";""Wheat Grass juice concentrate"";""Wheat Grass juice pdr"";""Wheat Grass juice pdr."";""Wheat Grass juice powder"";""Wheat Grass leaf juice"";""Wheat Grass leaf pdr."";""Wheat Grass leaf powder"";""Wheat grass organic vegetable powder"";""Wheat Grass powder"";""Wheat Grass whole leaf pdr"";""Wheat Grass whole leaf powder"";""Wheat Grass, orga""",282,12
640,Whey ,Protein,33,"""ACTINOS2"";""ACTINOS2 Whey Peptide Fraction"";""ACTINOS2(TM) Whey Peptide Fraction"";""ACTINOS2IR Whey Peptide Fraction"";""Capra Mineral Whey"";""cold-temperature processed micro-filtrated Whey Protein isolate"";""cross-flow, cold infused Whey Protein concentrate"";""cross-flow, cold infused, microfiltered whey protein isolate"";""Goat Milk Mineral Whey"";""Goat Milk Protein"";""Goat Milk Protein isolate"";""Goat Whey"";""Goat's Milk Protein/Cream"";""Goat's Milk Whey/fermented Mineral Whey powder"";""hydrolyzed Whey"";""hydrolyzed Whey Peptides"";""hydrolyzed Whey Protein concentrate"";""micronized Whey protein concentrate"";""Milk Basic Protein"";""Milk Protein"";""Milk Protein isolate"";""Protein"";""Soluble Whey Globulin Concentrate"";""ultra-filtrated Whey Protein concentrate"";""undenatured Whey Protein"";""Whey"";""Whey hydrolysate"";""Whey isolate"";""Whey Protein"";""Whey Protein Concentrate"";""Whey Protein hydrolysate"";""Whey Protein Isolate"";""Whey [milk] Protein Isolate""",126,4
1690,Whey Protein,Protein,49,"""100% unstripped Whey Protein concentrate"";"">30% hydrolyzed whey protein"";""ACTINOS2IR(TM) Whey Peptide Fraction"";""Ai/E10 Whey extract"";""Ai/E10(R) Whey extract"";""as Whey Protein isolate"";""Bovine Colostrum Whey Protein Complex"";""cross-flow microfiltered WPC80 80% Whey Protein concentrate"";""cross-flow microfiltered WPI90 90% Whey Protein Isolate"";""CVH 15 Whey Protein hydrolysate"";""from Whey Protein concentrate"";""grass fed non-GMO Whey Protein concentrate"";""grass fed Whey concentrate"";""grass fed Whey isolate"";""hydrolized Whey Protein isolate"";""Hydrolyzed Whey (Milk) Protein"";""hydrolyzed Whey Peptide Complex"";""hydrolyzed Whey Protein"";""hydrolyzed Whey Protein isolate"";""Hydrolyzed Whey Protein Isolate 97"";""Isoplex"";""L-Arginine"";""microfiltered Whey Protein isolate"";""Milk Protein isolate"";""Native Whey Protein isolate"";""New Zealand Whey Protein concentrate"";""non-denatured pasture fed cold processed ultra-filtered Whey Protein isolate"";""organic Whey Protein concentrate"";""Osteol BioActive Milk Proteins"";""partially hydrol""",406,4
2210,White Dead Nettle Flower,Botanical,1,"""White Nettle""",2,0
1839,White Kidney Bean,Botanical,14,"""Common Bean (White Kidney Bean) extract"";""Phase 2"";""Phase 2 Carb Controller"";""Phase 2 White Kidney Bean extract"";""Phase 2(R)"";""Phase 2-Brand White Kidney bean extract"";""Phase2(R) Starch Neutralizer"";""Phaseolus vulgaris"";""Phaseolus vulgaris (white kidney bean, Phase 2(TM) brand) Extract"";""White kidney bean"";""White Kidney Bean (Phaseolus vulgaris) Extract"";""White Kidney Bean (Phaseolus vulgaris) seed extract"";""White Kidney Bean extract"";""White Kidney Bean seed extract""",35,3
111,White Lily,Botanical,4,"""fresh White Pond Lily rhizome extract"";""White Oak Bark"";""White Pond Lily"";""White Pond Lily powder""",9,1
1878,White Mulberry,Botanical,13,"""Morus alba"";""Morus alba extract"";""Morus alba root & root bark extract"";""Mulberry"";""Mulberry (Morus alba) extract"";""Mulberry extract"";""Mulberry leaf extract"";""White Mulberry"";""White Mulberry (fruit) extract"";""White Mulberry (Morus alba) Leaf Powder"";""White Mulberry extract"";""White Mulberry leaf extract"";""White Mulberry leaf powder""",58,0
2578,White Oak,botanical,3,"""White Oak"";""White Oak bark (Quercus alba) extract"";""White Oak inner bark (Quercus alba) extract""",13,0
2764,White Peony,botanical,7,"""Bai Shao"";""Chinese Peony"";""Paeonia lactiflora"";""Paeonia lactiflora extract"";""Radix Paeoniae Alba"";""White Peony"";""White Peony root extract""",44,1
3284,White Pine,botanical,1,"""White Pine""",4,0
1438,White Rice,Botanical,1,"""White Rice Protein Concentrate""",1,0
2580,White Sage,botanical,3,"""dried White Sage herb extract"";""organic Lantana camara"";""White Sage""",12,2
2006,White Sandalwood,Botanical,2,"""Sandalwood"";""Santalum album""",6,0
642,White Tea,Botanical,14,"""decaffeinated White Tea"";""decaffeinated White Tea extract"";""organic White Tea extract"";""OxyPhyte standardized White Tea extract"";""Oxyphyte White Tea leaf extract"";""White Tea"";""White Tea (C. sinensis) leaf extract"";""White Tea (Camellia sinensis) extract"";""White Tea 10:1 extract"";""White Tea extract"";""White Tea Leaf Extract"";""White Tea Leaves Extract"";""White Tea powder"";""White Tea standardized extract""",78,5
2600,White Willow,botanical,18,"""fresh organic White Willow"";""fresh White Willow"";""pure White Willow bark extract"";""Salix alba"";""White Willow"";""White Willow (bark) (Salix alba) extract"";""White Willow (bark) extract"";""White Willow (Salix alba) bark ext."";""White Willow (Salix alba) bark extract"";""White Willow (Salix alba) extract"";""White Willow (Salix alba, 25% salicin) (bark) extract"";""White Willow bark & extract powder"";""White Willow bark extract"";""White Willow bark P.E."";""White Willow extract"";""White Willow powder"";""Willow bark"";""Willow bark extract""",122,6
1067,Wild Cherry,Botanical,22,"""Black Cherries"";""Black Cherry"";""Black Cherry 20:1 fruit extract"";""Black Cherry 4:1 extract"";""Black Cherry concentrate"";""Black Cherry extract"";""Black Cherry fruit extract"";""Black Cherry juice concentrate"";""Black Cherry Juice extract"";""Black Cherry powder"";""Black Cherry powder extract"";""Choke Cherry"";""dried Wild Cherry bark extract"";""organic Wild Cherry"";""unsprayed Cherry"";""Wild Black Cherry fruit powder"";""Wild Cherry"";""Wild Cherry bark (Dioscorea villosa) root extract"";""Wild Cherry bark (Prunus serotina) extract"";""Wild Cherry bark extract"";""Wild Cherry bark liquid extract"";""Wild Cherry extract""",106,2
1962,Wild Indigo,botanical,8,"""fresh Wild Indigo"";""fresh Wild Indigo whole plant extract"";""Indigo"";""Wild Indigo"";""Wild Indigo (Baptisia tinctoria) whole herb extract"";""Wild Indigo extract"";""Wild Indigo root (Baptisia spp.) extract"";""Wild Indigo root extract""",38,0
1781,Wild Lettuce,Botanical,10,"""fresh Wild Lettuce herb extract"";""Lactuca virosa extract"";""Wild Lettuce"";""Wild Lettuce (Lactuca virosa)"";""Wild Lettuce (Lactuca virosa) leaf extract"";""Wild Lettuce 4:1 extract"";""wild Lettuce 4:1 extract powder"";""Wild Lettuce herb extract"";""Wild lettuce leaf extract"";""Wild Lettuce leaf powder""",25,3
2943,Wild Mint,botanical,2,"""Wild Mint"";""wild Mint leaf extract""",4,0
646,Wild Yam,Botanical,37,"""Chinese Wild yam extract"";""Chinese Yam"";""Chinese Yam root extract"";""Dioscorea"";""Dioscorea composita"";""Dioscorea opposita"";""Dioscorea villosa"";""fresh Wild Yam root extract"";""Mexican Wild Yam"";""Mexican Wild Yam (Dioscorea opposita) Powder"";""Mexican Wild Yam (Dioscorea villosa) rhizome standardised extract"";""Mexican Wild Yam 2.5% extract"";""Mexican Wild Yam extract"";""Mexican Yam"";""Rhizoma Dioscoreae"";""Shan Yao"";""Wild Mexican Yam"";""Wild Yam"";""Wild Yam (Dioscorea opposita) rhizome standardised extract"";""Wild Yam (Dioscorea villosa) (root) extract"";""Wild Yam (Dioscorea villosa) root extract"";""Wild Yam (powder)"";""Wild Yam (root) extract"";""Wild Yam 10:1 extract"";""Wild Yam extract"";""Wild Yam Mexican"";""Wild Yam powder"";""Wild Yam rhizome (Dioscorea villosa) extract"";""Wild Yam root"";""Wild Yam root 10:1 extract"";""wild yam root 20:1 extract"";""Wild Yam root and root extract"";""Wild yam root extract"";""Wild Yam Root Standardized Extract"";""wildcrafted Wild Yam"";""Yam"";""Yams""",317,9
3751,Willow (unspecified),botanical,1,"""Willow bark (Salix spp.) extract""",1,0
641,Willow Bark,Botanical,31,"""corteza de sauce blanco"";""dried Willow bark extract"";""ethically wild harvested White Willow"";""Salicin"";""Salidroside"";""Salix alba"";""Salix Alba (White Willow Bark) S.E."";""Salix alba L."";""Salix purpurea"";""Salix vitellina"";""White Willow"";""White Willow (bark) extract"";""White Willow (Salix alba) bark extract"";""White Willow (Salix alba) Bark Extract 4:1"";""White Willow (Salix spp.) bark extract"";""White Willow 90% extract"";""White Willow Bark"";""White Willow Bark 15%"";""White Willow bark 5:1 extract"";""White Willow bark extract"";""White Willow bark powder"";""White Willow bark standardized extract"";""White Willow Extract"";""Willow"";""Willow (bark) extract"";""Willow (Salix spp.) bark extract"";""Willow bark (Salix alba) extract"";""Willow bark extract"";""Willow extract"";""Willow Herb"";""Willow Herbal Extract""",193,3
1199,Wine,Botanical,14,"""French Wine extract"";""Oraganic French Red Wine Polyphenol Extract"";""Organic French Red Wine Polyphenol Extract"";""organic Red Wine fruit extract"";""Red Wine"";""Red Wine concentrate"";""Red Wine extract"";""Red Wine Grape Extract"";""Red wine grape skin standardized extract"";""Red Wine Polyphenols"";""Red Wine powder"";""Red Wine Proanthocyanidins"";""Red Wine Proanthocyanidins / Pine Bark Extract"";""Wild Mint""",80,3
1268,Wintergreen,Botanical,5,"""Partridge Berry"";""Winter green"";""Wintergreen"";""Wintergreen Leaf"";""Wintergreen Oil""",13,0
1817,Witch Hazel,Botanical,8,"""fresh Witch Hazel leaf extract"";""wildcrafted Witch Hazel"";""Witch Hazel"";""Witch Hazel (Hamamelis virginiana) leaf extract"";""Witch Hazel (leaf and bark) extract"";""Witch Hazel extract"";""Witch Hazel leaf & young twig (Hamamelis virginiana) extract"";""Witch Hazel powder""",29,1
2355,Withanolide,chemical,2,"""Withaferin A"";""Withanolides""",6,0
3117,Withanolides,chemical,1,"""Withanolides""",4,0
2637,Wood Betony,botanical,6,"""fresh Wood Betony flowering tops extract"";""organic Wood Betony"";""Wood Betony"";""Wood Betony (aerial parts) extract"";""Wood Betony leaf & flower (Stachys officinalis) extract"";""Wood Betony whole herb (Stachys officinalis) extract""",11,0
3037,Worm,animal part or source,1,"""Pheretima aspergillum""",5,0
2157,Wormseed,Botanical,3,"""Epazote"";""Wormseed"";""Wormseed Oil""",5,0
425,Wormwood,Botanical,19,"""certified organic Wormwood"";""Chinese Wormwood"";""dried Wormwood herb extract"";""organic Wormwood"";""Sweet Wormwood"";""Sweet Wormwood (Artemisia annua) aerial parts extract"";""Worm Wood extract"";""Wormwood"";""Wormwood (Artemisia absinthium) aerial parts extract"";""Wormwood (Artemisia absinthium) flower and aerial parts extract"";""Wormwood (Artemisia absinthium) leaf oil"";""Wormwood aerial portion extract"";""Wormwood extract"";""Wormwood herb (Artemisia absinthium) {extract}"";""Wormwood herb powder"";""Wormwood leaf & flower (Artemisia absinthium) extract"";""Wormwood leaf powder"";""Wormwood powder"";""Wormwood seed""",93,1
1269,Wulinshen,Botanical,1,"""Wulinshen extract""",1,0
