Ingredient - Group ID,Ingredient - Group Name,CATEGORY,# of Synonyms /Sources,Synonyms/Sources,# of Products,# of NHANES Products
528,N-Acetyl Cysteine,Amino Acid,27,"""AjiPure Pharmaceutical Grade N-Acetyl-L-Cysteine"";""Cysteine"";""L-cysteine"";""L-Cysteine Hcl."";""L-Cysteine Hydrochloride"";""N Acetyl Cysteine"";""N-A-C"";""N-Acetyl -Cysteine"";""N-Acetyl Cystein Free Form"";""N-Acetyl Cysteine"";""N-Acetyl L-Cysteine"";""N-Acetyl L-Cysteine / L-Cysteine"";""N-Acetyl L-Cysteine/L-Cysteine Complex"";""N-Acetyl L-Tyrosine"";""N-Acetyl-Cysteine"";""N-Acetyl-L Carnitine HCl"";""N-Acetyl-L Cysteine"";""N-Acetyl-L-Cysteine"";""N-Acetyl-L-Cysteine HCl"";""N-Acetyl-L-Cysteine U.S.P."";""N-Acetyl-L-Cysteine USP"";""N-Acetyl-L-Cysteine/L-Cysteine"";""N-Acetyl-L-Cysteine/L-Cysteine HCl"";""N-Acetyl-L-Cystine"";""N-AcetylCysteine"";""N-Acytl-Cystine"";""NAC""",1170,32
1095,N-Acetyl Glucosamine,Chemical,8,"""N-Acetyl D-Glucosamine"";""N-Acetyl Glucosamine"";""N-Acetyl-D-Glucosamine"";""N-Acetylglucosamine"";""N-Aceytl Glucosamine"";""NAG"";""Poly-NAG"";""Poly-Nag(R)""",121,3
2422,N-acetyl glutamine,chemical,1,"""NAG""",1,0
3129,N-Acetyl-Tyrosine,chemical,6,"""N Acetyl L Tyrosine"";""N-Acetyl L-Tyrosine"";""N-Acetyl Tyrosine"";""N-Acetyl-L-Tyrosine"";""N-Acetyl-Tyrosine"";""N-AcetylTyrosine""",510,5
1785,N-Benzyl-Alpha-Phenylethylamine,Chemical,1,"""N-Benzyl-Alpha-Phenylethylamine""",1,0
2238,N-Caffeoyldopamine,TBD,1,"""N-Caffeoyldopamine""",1,0
3140,N-Coumaroyldopamine,chemical,1,"""N-Coumaroyldopamine""",6,0
1786,N-methyl Tyramine,Chemical,8,"""N-Methyl L-Tyramine HCl"";""N-Methyl Tyramine"";""N-Methyl Tyramine HCl"";""N-Methyl Tyramine Hydrochloride"";""N-Methyl-Tyramine"";""N-Methyl-Tyramine HCl"";""N-Methyltyramine"";""N-Methyltyramine HCl""",122,1
3436,N-Methyl-aspartic acid,chemical,3,"""Methyl-EAA"";""N-Methyl DL Aspartic Acid"";""N-Methyl-D-Aspartic Acid""",14,0
1787,N-Methyl-D-Aspartate,Chemical,1,"""N-Methyl-D-Aspartate""",8,0
3380,N-phenylacetyl-L-prolylglycine ethyl ester,chemical,2,"""N-Phenylacetyl-L-Prolyglycine Ethyl Ester"";""Noopept""",8,0
2235,NADH,Chemical,3,"""Enada Co-E1 NADH"";""NADH"";""Nicotinamide Adenine Dinucleotide""",5,0
529,Naringenin,Botanical,6,"""Naringen"";""Naringen & Naringenin"";""Naringenin"";""Naringin"";""Synergin"";""Undiluted Naringin""",109,7
3115,Naringin,chemical,3,"""Naringen"";""Naringin"";""Naringin extract""",25,0
1232,Nattokinase,Enzyme,8,"""Nattokinas"";""Nattokinase"";""Nattokinase blend"";""Nattokinase enteric coated"";""Nattokinase NSK-SD"";""Nattokinase NSK-SD(R)"";""Nattozimes"";""NSK-SD Nattokinase""",148,4
1180,Natural flavor(s),Other,2,"""Natural Flavor Blend"";""natural Raspberry flavor""",3,0
1808,Nectarine,Botanical,2,"""Nectarine powder"";""Nectarines""",4,1
737,Neem,Botanical,20,"""Azadirachta extract"";""Azadirachta indica"";""Azadirachta indica bark extract"";""Azadirachta indica leaf extract"";""Melia azadirachta"";""Neem"";""Neem extract"";""Neem leaf extract"";""Neem leaf liquid extract"";""Neem leaf powder"";""Neem leaves extract"";""Neem leaves extract & Neem leaves powder Blend"";""Neem leaves powder"";""organic Neem"";""organic Neem Blend"";""organic Neem extract"";""organic Neem powder"";""organic Neem Supercritical CO2 extract"";""selectively imported Neem"";""wildcrafted Neem""",62,0
1795,Nemophila menziesii,Botanical,1,"""Nemophila menziesii""",1,0
1796,Neodymium,Element,1,"""Neodymium""",21,1
3625,Nerve growth factor,other,1,"""Nerve Growth Factor""",1,0
2086,Nerve Root,Botanical,2,"""infusion (1:6000) of Cypripedium parviflorum"";""Lady Slipper""",5,0
3247,Nervonic acid,fatty acid,1,"""Nervonic Acid""",8,0
1925,New Jersey Tea,Botanical,4,"""fresh Red Root root extract"";""Red (Ceanothus americanus) Root"";""Red Root"";""Red Root root (Ceanothus americanus) extract""",30,0
1433,New Zealand Green Lipped Mussel,Animal Part or Source,13,"""ETArol"";""freeze-dried Green Lipped Mussel"";""GlycoMarine(TM)"";""Green Lipped Mussel"";""Green Lipped Mussel extract"";""Green Lipped Mussel powder"";""Green Lipped Sea Muscle"";""Green Shell Mussel"";""Green-Lipped Mussel"";""Green-Lipped Mussel powder"";""Green-Lipped Sea Mussel"";""GreenShell Mussel extract"";""Perna Canaliculus""",26,3
204,Niacin (Vitamin B3),Vitamin,26,"""16 mg as Niacinamide"";""and 4 mg as Niacin"";""and as Niacin"";""as Niacinamide"";""B-3"";""B3"";""Niacin"";""Niacin & Niacinamide"";""Niacin B3"";""Niacin USP powder"";""Niacin/Esterfied Niacin"";""Niacin/Niacinamide"";""Niacina"";""Niacinamide"";""Niacinamide & Niacin"";""Niacinamide and Niacin"";""Niacinamide/Niacin"";""Niacinamide: Niacin"";""Nicotinamidum 10x, 30x & LM1"";""Nicotinic Acid"";""Providing Niacin"";""Vit. B3"";""Vitamin B"";""Vitamin B-3"";""Vitamin B3"";""Vitamina B3""",1972,132
3103,Niacinamide ascorbate,chemical,1,"""Niacinamide Ascorbate""",7,2
93,Nickel,Mineral,3,"""Nickel"";""Nickel Chelate"";""Nickel Oxide""",330,119
1097,Nicotinamide,Vitamin,4,"""and Nicotinic Acid"";""NADH"";""Nicotinamide"";""Nicotinamide Adenine Dinucleotide""",14,4
1789,Nicotinamide Adenine Dinucleotide,Chemical,5,"""NAD"";""NAD (Nicotinamide Adenine Dinucleotide) Trihydrate"";""NADH"";""Nicotinamide Adenine Dinucleotide"";""Nicotinamide Adenine Dinucleotide + Hydrogen""",82,2
3323,Night-Blooming Cereus,botanical,2,"""Cactus Grandiflorus extract"";""Cactus Grandiflorus stem (Selenicereus sp.) extract""",6,0
1797,Niobium,Element,1,"""Niobium""",24,1
1633,Nisin,Chemical,1,"""Nisin""",1,0
3333,Nitrate,other,1,"""Nitrate""",6,0
536,Nitro Infusion Complex,Other,2,"""Catauba"";""Catuaba extract""",3,0
1239,Nitrogen,Element,2,"""Nitrogen"";""total Nitrogen""",14,1
3180,Nitrogen Dioxide,other,1,"""Nitric NO2""",5,0
537,Nitrous Malate (TM) Diarginine Malate,Other,6,"""Gugglesterone"";""Gugglesterones"";""Gugglesterones E&Z"";""Guggul Gum extract"";""Guggulipids extract"";""Gugulipid(R)""",13,0
301,Noni,Botanical,50,"""100 % pure Noni fruit powder"";""100% Pure Aged Organic Noni (Morinda citrifolia) juice"";""aged organic Noni"";""Aged organic Noni (Morinda citrifolia) juice"";""certified organic Noni fruit extract"";""Genesis Today Organic Noni Liquid"";""Hawaiian Noni"";""Hawaiian Noni extract"";""Morinda citrifolia (Noni) fruit conc."";""Morinda citrifolia (Noni) fruit nectar"";""Morinda citrifolia (noni) fruit puree"";""Morinda citrifolia (noni) leaf tea"";""Morinda citrifolia (Noni) nectar"";""Morinda citrifolia fruit nectar"";""Morinda citrifolica"";""Noni"";""Noni (fruit) extract"";""Noni (Morinda citrifolia) 10:1 concentrate"";""Noni (Morinda citrifolia) fruit juice"";""Noni (Morinda citrifolia) fruit powder and juice concentrate"";""Noni (Morinda citrifolia) juice concentrate"";""Noni (Morinda citrifolia) seed oil"";""Noni 4:1 extact"";""Noni 4:1 extract"";""Noni 5:1 extract"";""Noni berry extract"";""Noni concentrate"";""Noni extract"";""Noni fruit extract"";""Noni fruit juice"";""Noni fruit juice concentrate"";""Noni fruit powder"";""Noni juice concentrate"";""Noni Juice Extrac""",225,17
539,Nori,Botanical,1,"""Nori""",28,0
2168,Northern Prickly Ash,Botanical,2,"""Prickly Ash (Zanthoxylum americanum) bark extract"";""Prickly Ash extract""",2,0
3256,Norvaline,amino acid,2,"""L-Norvaline"";""Norvaline""",36,0
3624,Norwegian Kelp,other,1,"""Norwegian Kelp""",1,0
3042,Notopterygium,botanical,3,"""Notopterygium"";""Notopterygium incisium"";""Notopterygium incisum""",25,0
3040,Nut Grass,botanical,3,"""Cyperus"";""Cyperus rotundus"";""Musta""",16,0
1798,Nutmeg & Mace,Botanical,11,"""Jaiphal Ghana"";""Jatiphala"";""Mace"";""Mace extract"";""Myristica fragrans"";""Myristica fragrans extract"";""Myristica fragrans seed extract"";""Nutmeg"";""Nutmeg extract"";""Organic Mace"";""organic Nutmeg""",39,2
