Ingredient - Group ID,Ingredient - Group Name,CATEGORY,# of Synonyms /Sources,Synonyms/Sources,# of Products,# of NHANES Products
1912,Qin Jiao,Botanical,1,"""Qinjiao""",1,0
1545,Quassia,Botanical,8,"""dried Quassia wood extract"";""Jamaica Quassia"";""Jamaica Quassia (Picrasma excelsa) bark extract"";""Quassia"";""Quassia (Quassia amara) wood extract"";""Quassia Bark"";""Quassia bitters"";""Quassia extract""",29,1
1561,Quebracho,Botanical,8,"""Aspidosperma quebracho-blanco"";""Quebracho"";""Quebracho (Quebracho colorado) Heartwood extract"";""Quebracho blanco"";""Quebracho blanco bark extract"";""Quebracho Blanco extract"";""Quebracho extract"";""White Quebracho extract""",22,0
1969,Queen's Delight,Botanical,4,"""Queen's Delight"";""Stillingia"";""Stillingia extract"";""Stillingia liquid extract""",7,0
1099,Quercetin,Botanical,25,"""Dihydroquercetin"";""EMIQ Complex"";""enzymatically modified Isoquercitrin"";""highly absorbable Quercetin"";""QU995"";""QU995 Quercetin"";""Querceitin"";""Quercetin"";""Quercetin (Uncaria elliptica) Anhydrous"";""Quercetin Anhydrous"";""Quercetin Bioflavonoid"";""quercetin dehydrate"";""Quercetin Dihydrate"";""Quercetin Dihydrate powder"";""Quercetin Ext."";""Quercetin extract"";""Quercetin mix"";""Quercetin Phytosome"";""Quercetin Sophora japonica Concentrate"";""Quercetin-Niacin cocrystals"";""Quercitin"";""Quercitin Dihydrate"";""Querecetin"";""Total Dihydroquercetins"";""with quercetin""",1308,52
2143,Quince,Botanical,3,"""Flowering Quince"";""infusion (1:6000) of Chaenomeles speciosa"";""Quince extract""",8,0
565,Quinoa,Botanical,12,"""Chenopodium quinoa"";""organic Quinoa"";""organic Quinoa Protein"";""organic Quinoa Protein powder"";""organic Quinoa sprout"";""organic Quinoa sprout powder"";""organic sprouted Quinoa"";""Quinoa"";""Quinoa Flour"";""Quinoa seed Flour"";""Quinoa Sprout"";""whole grain Quinoa""",204,7
1911,Qunice,Botanical,1,"""Quince""",1,0
