Ingredient - Group ID,Ingredient - Group Name,CATEGORY,# of Synonyms /Sources,Synonyms/Sources,# of Products,# of NHANES Products
L-Acetyl n-Cysteine,Amino Acid,1,6,0,,
L-Alanine,Amino Acid,7,213,3,,
L-Alanyl-Glutamine,chemical,7,75,1,,
L-Arginine,Amino Acid,67,799,25,,
L-Aspartic Acid,Amino Acid,3,154,4,,
L-Carnitine,Amino Acid,39,1300,50,,
L-Citrulline,Amino Acid,25,347,3,,
L-Cysteine,Amino Acid,13,90,8,,
L-Cystine,Amino Acid,3,17,2,,
L-DOPA,Chemical,5,21,0,,
L-Gluthathione,Amino Acid,4,94,3,,
L-Glycine,Amino Acid,1,5,1,,
L-Histidine,Amino Acid,13,185,7,,
L-Hydroxyproline,Amino Acid,1,1,0,,
L-Leucine,Amino Acid,7,128,2,,
l-methione,Amino Acid,2,8,1,,
L-Methionine,Amino Acid,5,43,2,,
L-norvaline,Amino Acid,1,124,3,,
L-Ornithine,Amino Acid,13,118,5,,
L-Phenylalanine,Amino Acid,5,399,6,,
L-Pyroglutamic Acid,Amino Acid,1,5,0,,
L-Serine,Amino Acid,1,145,3,,
L-Tartrate,Amino Acid,1,3,0,,
L-Taurine,Amino Acid,8,52,4,,
L-Threonine,Amino Acid,4,152,3,,
L-Tryptophan,Amino Acid,5,60,1,,
L-Tyrosine,Amino Acid,13,598,10,,
Laburnum,botanical,3,4,1,,
lac resin,Botanical,1,1,0,,
Lactalbumin,Bacteria,2,4,1,,
Lactase,Bacteria,11,954,30,,
Lactic Acid,Bacteria,1,5,0,,
Lactitol,Carbohydrate,1,1,0,,
Lactobacillus,Bacteria,202,948,48,,
Lactobacillus (unspecified),bacteria,10,26,0,,
Lactobacillus acidophilus,bacteria,72,1333,51,,
Lactobacillus brevis,bacteria,4,122,3,,
Lactobacillus bulgaricus,bacteria,1,51,1,,
Lactobacillus casei,bacteria,29,602,22,,
Lactobacillus delbrueckii bulgaricus,bacteria,13,239,10,,
Lactobacillus delbrueckii lactis,bacteria,1,1,0,,
Lactobacillus fermentum,bacteria,9,48,3,,
Lactobacillus gasseri,bacteria,14,149,10,,
Lactobacillus helveticus,bacteria,19,95,3,,
Lactobacillus paracasei,bacteria,22,205,3,,
Lactobacillus plantarum,bacteria,41,614,18,,
Lactobacillus reuteri,bacteria,17,104,3,,
Lactobacillus rhamnosus,bacteria,71,823,27,,
Lactobacillus salivarius,bacteria,25,457,16,,
Lactobacillus thermophilus,bacteria,1,5,0,,
Lactococcus lactis,bacteria,17,127,5,,
Lactoferrin,Protein,4,108,3,,
Lactoperoxidase,Protein,1,19,0,,
Lactose,Other,2,12,0,,
Lady's Mantle,botanical,3,3,0,,
Lagenaria Siceraria,Botanical,1,3,0,,
lagerstroemin,Botanical,3,4,0,,
Laminara,other,15,48,3,,
Laminara (Kelp),Botanical,9,37,0,,
Laminaria,other,2,2,0,,
Lanolin,Animal Part or Source,1,1,0,,
Lanthanum,Element,1,21,1,,
Larch,botanical,13,15,0,,
Larch arabinogalactan,Chemical,27,104,3,,
Lariciresinol,Chemical,1,1,0,,
Lathyrus,Botanical,1,2,0,,
Lauric acid,Fat,5,52,4,,
Lavender,Botanical,27,102,0,,
Laver,Botanical,1,9,0,,
Lebbeck,botanical,1,1,0,,
lecithin,Fat,39,740,56,,
Leek,Botanical,6,29,2,,
Lemon,Botanical,68,428,26,,
lemon balm,Botanical,58,395,10,,
Lemon Verbane,Botanical,1,2,0,,
lemon Verbena,Botanical,2,3,0,,
lemongrass,Botanical,7,89,7,,
Lentil,botanical,5,62,5,,
Leptadenia reticulata,Botanical,3,5,0,,
Lesser Galangal,botanical,2,2,0,,
lettuce,Botanical,9,13,2,,
Leucic acid,chemical,1,2,0,,
Leucine,amino acid,18,1879,49,,
Licorice ,Botanical,113,1375,31,,
Lignan,Chemical,14,35,6,,
Lignan (unspecified),chemical,2,14,1,,
Lignoceric Acid,Fatty Acid,1,1,0,,
Ligusticum (Unspecified),bacteria,2,2,0,,
Ligustilide,chemical,1,1,1,,
Ligustrum,botanical,7,19,1,,
Lilium humboldtii,Botanical,2,3,0,,
Lily of the Valley,Botanical,7,6,0,,
Lime,Botanical,12,86,6,,
Limonene,Chemical,2,22,0,,
Linden,Botanical,12,37,0,,
Lindera aggregata,botanical,2,6,0,,
Lingonberry,botanical,8,20,1,,
Linoleic Acid,Fatty Acid,31,456,40,,
Linolenic acid (unspecified),fatty acid,3,41,1,,
Linolenic Acids,Fatty Acid,7,18,0,,
Lipase,Enzyme,28,1864,79,,
Lipidolite,mineral,1,2,0,,
Lipids,TBD,5,8,0,,
Lipids (unspecified),fat,1,1,0,,
Lipoic Acid,chemical,3,3,0,,
Lipstatin,Chemical,1,1,0,,
Liquidamber taiwaniana,Botanical,1,1,0,,
Lithium,Element,8,115,4,,
Lithothamnion,other,2,13,0,,
Lithothamnion (unspecified),other,5,12,0,,
Lithothamnium,other,3,3,0,,
Lithothamnium corallioides,other,1,1,0,,
Liver,Animal Part or Source,27,145,15,,
Liver Extract,Animal Part or Source,3,3,0,,
Liverwort,Botanical,2,3,0,,
Lo Han ,Botanical,4,26,1,,
Lobelia,Botanical,11,110,1,,
Lomatium,botanical,5,12,0,,
Lomatium dissectum,Botanical,2,6,0,,
Longan,Botanical,5,10,2,,
Lophatherum,Botanical,3,16,0,,
Loquat,Botanical,5,16,0,,
Loranthus,botanical,1,7,0,,
Lotus,Botanical,20,70,1,,
lovage,Botanical,7,19,2,,
Lumbrokinase,enzyme,1,4,0,,
Lung,Animal Part or Source,6,13,1,,
Luo Han Guo,botanical,5,19,0,,
Lutein,Vitamin,38,1955,210,,
Luteolin,chemical,1,77,2,,
Lutetium,Element,1,23,1,,
Lychee,botanical,5,8,0,,
Lycium ,Botanical,86,431,13,,
Lycopene,Botanical,31,1542,180,,
Lymph,Animal Part or Source,7,24,0,,
Lysimachia clethroides,Botanical,3,9,0,,
Lysine,Amino Acid,23,1162,48,,
Lysophosphtidylcholine,Chemical,1,2,0,,
Lysozyme,Enzyme,1,19,0,,
