Ingredient - Group ID,Ingredient - Group Name,CATEGORY,# of Synonyms /Sources,Synonyms/Sources,# of Products,# of NHANES Products
1443,C-Phycocyanin,Protein,1,"""C-Phycocyanin""",12,0
183,Cabbage,Botanical,55,"""air-dried Cabbage"";""Brassica oleracea"";""BroccoRaphanin(R)"";""Cabbage"";""Cabbage (Brassica oleracea captitata) leaf extract"";""Cabbage (Brassica oleracea var. capitata) powder"";""Cabbage concentrate"";""Cabbage extract"";""Cabbage Juice Powder"";""Cabbage leaf powder"";""Cabbage organic vegetable powder"";""Cabbage Palm (Acai) fruit powder"";""Cabbage Palm extract"";""Cabbage powder"";""Chinese Cabbage"";""Chinese Cabbage 10:1"";""Collard Greens"";""Collards"";""Collards (Tall Kale) concentrate"";""extracts of Cabbage"";""Freez dried Kale"";""Freeze Dried Cabbage"";""Freeze Dried Kale"";""Green Cabbage"";""Green Cabbage pdr."";""Green Cabbage powder"";""Kale"";""kale powder"";""organic AD Kale"";""organic Cabbage"";""organic Cabbage palm (Acai) fruit powder"";""organic Cabbage powder"";""organic Cabbage sprout"";""organic Cabbage Sprout powder"";""organic certified Cabbage"";""organic Collard Greens powder"";""organic fermented Collard Greens"";""organic Green Cabbage"";""Organic Green Cabbage (Brassica oleracea L. var. capitata) Leaf Powder"";""organic Green Cabbage powder"";""or""",625,43
3083,Cabbage palm (not specifed),botanical,4,"""Cabbage Palm"";""Cabbage Palm (Acai berry) fruit powder"";""Cabbage Palm (Acai berry) powder"";""Cabbage Palm (Acai) powder""",7,0
2286,Cactus (unspecified),botanical,9,"""Cactus"";""Cactus grandiflora"";""Cactus Grandiflora extract"";""Cactus leaf extract"";""Cactus powder"";""Nopal (Opuntia streptacantha) Cactus powder"";""Nopal Cactus"";""Nopal Cactus extract"";""raw Nopal Cactus""",35,0
544,Cadmium,Element,1,"""Cadmium""",7,1
1678,Caffeic Acid,Chemical,4,"""3,4-Dihydroxycinnamic Acid"";""Caffeic Acid"";""other Caffeic Acid derivatives"";""Phenethyl(e)-3-(3,4-dihydroxyphenyl)prop-2-enoate""",8,1
3202,Caffeic acid analog,chemical,1,"""CAPE Powder""",3,0
367,Caffeine,Chemical,88,"""1,3,7-Trimethyl-1H-Purine-2,6(3H,7H)-Dione"";""1,3,7-Trimethyl-H-Purine-2,6(3H,7H)-Dione"";""1,3,7-Trimethylpurine-2,6-dione"";""1,3,7-Trimethylxanthine"";""1-Methyl Caffeine"";""10% Caffeine"";""120 mg of Caffeine"";""150 mg caffeine"";""16 mg of naturally occurring caffeine"";""20 mg Caffeine"";""200 mg caffeine"";""225mg from Coffea Arabica"";""300 mg Caffeine"";""36% Caffeine"";""38.5 mg caffeine"";""40 mg Caffeine"";""5% Caffeine"";""5.5 mg caffeine"";""50 mg Caffeine"";""50% Caffeine"";""6 mg caffeine"";""76 mg of Caffeine"";""8 mg of Caffeine"";""8% Caffeine"";""80 mg Caffeine"";""80 mg of Caffeine"";""Active Caffeine"";""Anhydrous Caffeine"";""Caffeine"";""Caffeine Anhydrous"";""Caffeine Anhydrous (100 mg per scoop)"";""Caffeine Anhydrous 50% extract"";""Caffeine Anhydrous Beadlets"";""Caffeine Anydrous"";""Caffeine Anyhdrous"";""Caffeine Citrate"";""Caffeine content"";""Caffeine CR Bead Delivery System"";""Caffeine group Alkaloids"";""Contains 100 mg of Caffeine"";""contains ~40 mg Caffeine"";""D-Caffeine Malate"";""Di-Caffeine Malate"";""Dicaffeine Malate"";""extended release Caffeine""""",2525,55
1647,caffeoylquinic acids,Chemical,1,"""3, 4 & 5 Caffeoylquinic Acids""",1,0
2759,Calamari Oil,fat,1,"""CalaMarine Oil concentrate""",20,5
368,Calamus rhizome,Botanical,2,"""Acorus"";""Acorus root""",3,0
27,Calcium,Mineral,121,"""100 mg of calcium aspartate"";""50 mg of calcium citrate"";""50 mg of calcium gluconate"";""6.14 mg of calcium gluconate"";""62.5 mcg as Calcium Folinate"";""99.9% pure Calcium"";""and hydroxyapatite"";""Aquamin"";""AS CALCIUM ASCORBATE"";""as dicalcium phosphate"";""Ca"";""Calc Carb 10x, 30x & LM1"";""Calc Fluor 10x, 30x & LM"";""Calc Phos 10x, 30x & LM1"";""Calcarea carbonica"";""Calcarea phos"";""Calci-K"";""Calcio"";""Calcium"";""Calcium AKG"";""Calcium Alpha-Ketoisocaproate Dihydrate"";""Calcium Amino Acid Chelate"";""Calcium Aminoate"";""Calcium Ascorbate"";""Calcium Aspartate"";""Calcium B-Hydroxy B-Methylbutyrate Monohydrate"";""Calcium Bisglycinate Chelate"";""Calcium Butyrate"";""Calcium Caprylate"";""Calcium Carbonate"";""Calcium Caseinate"";""Calcium Chelate"";""Calcium Citrate"";""Calcium Citrate-Malate"";""Calcium Complex"";""Calcium D Glucarate"";""Calcium D-Aspartic Acid"";""Calcium d-glucarate"";""Calcium D-Gulcarate"";""Calcium D-Saccharate Tetrahydrate"";""Calcium Disuccinate"";""Calcium Folinate"";""Calcium fructopyranose borate"";""Calcium glucarate"";""Calcium Gluconate"";""C""",13177,897
3085,Calcium alpha-ketoglutarate,chemical,1,"""Calcium Alpha-Ketoglutarate""",6,0
2870,Calcium alpha-ketoisocaproate,chemical,1,"""Calcium Alpha-Keto-Isocaproate Dihydrate""",1,0
2523,Calcium Ascorbate,chemical,1,"""Calcium Ascorbate""",14,0
3635,Calcium Beta-Hydroxybutyrate,chemical,1,"""Calcium Beta-Hydroxybutyrate""",10,0
1681,Calcium d-Glucarate,Chemical,5,"""Calcium"";""Calcium D-Glucarate"";""Calcium D-Glucarate(R)"";""Calcium-D-Glucarate"";""D-Glucarate""",29,1
1317,Calcium Folinate,Chemical,1,"""Calcium Folinate""",1,0
2313,Calcium Fructoborate,chemical,3,"""Calcium Fructoborate"";""FruiteX-B"";""FruiteX-B Calcium Fructoborate""",56,1
2385,Calcium Glucarate,chemical,5,"""Calcium D-Glucarate"";""Calcium D-Glucarate Tetrahydrate"";""Calcium-D-Glucarate"";""Glucarate"";""Glucarate Calcium D-Glucarate""",94,1
2778,Calcium hydroxymethylbutyrate,chemical,3,"""Calcium Beta-Hydroxy Beta-Methylbutyrate Monohydrate"";""Calcium HMB"";""HMB""",12,0
3413,Calcium phytate,chemical,1,"""Calcium Phytate""",2,0
3156,Calcium Potassium Phosphate Citrate,chemical,2,"""Calci-K"";""Calcium Potassium Phosphate Citrate""",14,0
3664,Calcium pyruvate,chemical,1,"""Calcium pyruvate""",4,0
2689,Calcium Silicate,other,1,"""Calcium Silicate""",2,1
1649,Calea zacatechichi,Botanical,1,"""Calea zacatechichi""",2,0
370,Calendula,Botanical,13,"""Calendula"";""Calendula (Calendula officinalis) flower extract"";""Calendula extract"";""Calendula flower (Calendula officinalis) extract"";""Calendula flower extract"";""Calendula flower powder"";""Calendula officinalis"";""Calendula powder"";""Calendula supercritical extract"";""dried Calendula flower extract"";""fresh Calendula"";""infusion (1:6000) of Calendula officinalis"";""organic Calendula (flower) supercritical extract""",38,1
180,California Poppy,Botanical,26,"""California Poppy"";""California Poppy (Eschscholzia californica cham.) (aerial part) extract"";""California Poppy (Eschscholzia californica) extract"";""California Poppy (Eschscholzia californica)(aerial part) Extract"";""California Poppy (whole plant) (Eschscholzia californica) extract"";""California Poppy aerial extract"";""California Poppy extract"";""California Poppy flower tops freeze-dried extract and powder"";""California Poppy herb extract"";""California Poppy Liquid Extract"";""California Poppy seed"";""California Poppy top and root extract"";""California Poppy whole flowering plant (Eschscholzia californica) extract"";""California poppy whole plant extract"";""California Poppy [aerial parts] extract"";""California Poppy [flower] 5:1 extract"";""California Poppy [herb] 5:1 extract"";""Eschscholzia californica"";""freeze-dried extract of California Poppy"";""fresh California Poppy"";""fresh California Poppy whole plant extract"";""fresh flowering California Poppy"";""fresh organic California Poppy"";""infusion (1:6000) of Eschscholzia californica""",64,1
3400,California Redwood,botanical,1,"""Giant Redwood""",1,0
1260,Calochortus ,Botanical,5,"""Calochortus leichtlinii"";""infusion (1-6000) of Calochortus monophyllus"";""infusion (1:6000) of Calochortus monophyllus"";""infusion (1:6000) of Calochortus splendens"";""infusion (1:6000) of Calochortus tolmiei""",7,0
128,Calories,Other,16,"""Calores"";""Calorias"";""Calorias de Grasa"";""Calories"";""Calories fom Fat"";""Calories from Carbohydrate"";""Calories from fat"";""Calories from Protein"";""Calories per Serving"";""Calories/Energy"";""Cals"";""Fat Cal."";""Fat Calories"";""Total Cal"";""Total Calories"";""{Calories}""",281,15
629,Calycophyllum,Botanical,1,"""Calycophyllum spruceanum bark extract""",1,0
2182,Camellia sinensis,Botanical,9,"""Bai Mudan(TM) Fujian White Peony Tea (Camellia sinensis) (shoots and leaves) aqueous extract"";""Camellia sinensis"";""Camellia sinensis extract"";""Camellia sinensis leaf extract"";""Green Tea (Camellia sinensis) leaf extract"";""GreenPure"";""GreenSelect Phytosome Green Tea (Camellia sinensis) extract"";""natural Tea extract"";""organic premium Matcha (Camellia sinensis) Tea""",14,0
2402,Campestanol,fat,2,"""Campestanol"";""Campesterol""",2,0
2845,Campesterol,fat,1,"""Campesterol""",36,3
2395,Campesterols,chemical,1,"""Campesterol""",1,0
2445,Camphor,chemical,2,"""Ngai Camphor tree"";""Ravintsara""",3,0
1327,Campsiandra angustifolia,Botanical,3,"""Campsiandra angustifolia bark extract"";""Ravintsara (Cinnamomum camphora) leaf oil"";""Ravintsara (Cinnamomum camphora) leaf Oil extract""",4,0
1544,Camu Camu,Botanical,33,"""Amazon Camu Camu"";""Camu Camu"";""Camu Camu (fruit) Concentrate"";""Camu Camu (fruit) extract"";""Camu camu (fruit) Powder"";""Camu Camu (Myrciaria dubia) dried berry powder"";""Camu Camu 4:1 extract"";""Camu Camu 4:1 Extract powder"";""Camu Camu berry concentrate"";""Camu Camu Berry Extract"";""Camu Camu concentrate"";""Camu Camu extract"";""Camu Camu fruit and juice powder"";""Camu Camu fruit extract"";""Camu Camu fruit powder"";""Camu Camu powder"";""Camu Camu powder extract"";""Camu fruit extract"";""Camu-Camu"";""Camu-Camu (Myrciria dubia) fruit powder extract"";""Camu-Camu concentrate"";""Camu-camu ext."";""Camu-Camu extract"";""Camu-Camu fruit extract"";""from 400mg Camu Camu 4:1 Extract"";""Myciaria dubia"";""organic Camu Camu"";""organic Camu Camu fruit extract"";""organic Camu Camu fruit powder"";""organic Camu Camu powder"";""wild Amazon Camu Camu berry powder"";""wild Amazon Camu Camu extract"";""wildcrafted Camu Camu fruit extract""",143,6
371,Camu Camu Extract,Botanical,2,"""Camu Camu extract"";""Camu Camu extracts""",22,1
2971,Canada Snakeroot,botanical,1,"""Wild ginger""",1,0
2195,Canaigre,Chemical,1,"""Canaigre root powder""",1,0
671,Candelilla,Botanical,1,"""Candelilla Wax""",1,0
2869,Candelilla wax,chemical,1,"""Candelilla Wax""",22,0
1298,Candida rugosa,Botanical,1,"""Candida rugosa""",1,0
3394,Cane Molasses,carbohydrate,1,"""Cane Molasses""",1,0
3397,Cannabidiol,chemical,1,"""Cannabidiol""",4,0
1233,Canola Oil,Fatty Acid,1,"""Canola Oil""",11,0
1235,Canteloupe,Botanical,4,"""Cantaloupe"";""Cantaloupe fruit powder"";""Cantaloupe Melon fruit extract"";""Cantaloupe powder""",24,3
2656,Cape Aloe,botanical,2,"""Aloe ferox"";""Cape Aloe""",59,1
2070,Capers,Botanical,9,"""Caper"";""Caper Bush"";""Caper Bush (root) extract"";""Caper Bush extract"";""Three Leaf Caper extract"";""Three-Leaf Caper"";""Three-Leaf Caper (Crataeva nurvala) bark extract"";""Three-Leaf Caper (Crateva magna) bark extract"";""Three-Leaf Caper extract""",32,0
2925,Capillary Artemisia,botanical,3,"""Artemisia capillaris"";""Yin Chen Hao"";""Yin-Chen Wormwood (leaves) extract""",5,0
2486,Capric Acid,fatty acid,5,"""C10:0"";""Capric Acid"";""Capric Acid Triglycerides"";""Caprylic Acid"";""total Caprylic Acid""",52,3
2485,Caprylic Acid,fatty acid,3,"""C8:0"";""Caprylic Acid"";""Caprylic Acid Triglycerides""",97,4
2414,Capsaicinoids,chemical,2,"""Capsaicinoids"";""Total Capsaicinoids""",3,0
432,Capsicum,Botanical,101,"""African Bird Pepper"";""African Bird's Pepper"";""Bell Pepper Green organic vegetable powder"";""Bell Pepper Red"";""Bell Pepper Red organic vegetable powder"";""Capsaicin"";""Capsaicin extract"";""Capsicum"";""Capsicum annum fruit extract"";""Capsicum annuum"";""Capsicum annuum extract"";""Capsicum annuum fruit"";""Capsicum Annuum fruit extract"";""Capsicum Chinese extract"";""Capsicum extract"";""Capsicum fruit extract"";""Capsicum frutescens"";""Capsicum frutescens extract"";""Capsicum frutescens pod extract"";""Capsicum seed extract"";""Capsicum tincture"";""Capsimax"";""Capsimax Capsaicin fruit extract"";""Capsimax Capsicum (Capsicum annuum) fruit extract"";""Capsimax Capsicum (fruit) extract"";""Capsimax Capsicum annuum extract"";""Capsimax Capsicum extract"";""Capsimax Capsicum extract beadlets"";""Capsimax Capsicum fruit extract"";""Capsimax Capsicum seed extract"";""Capsimax Cayenne extract"";""Capsimax Cayenne Pepper fruit extract"";""Capsimax fruit extract"";""Capsimax Indian Capsicum extract"";""Capsimax Red Pepper extract"";""Capsimax(R) Capsicum extract"";""Capsimax""",645,28
309,capsule,Other,4,"""Kosher Gelatin Capsules"";""Vegetable Capsule"";""Vegetable Capsules"";""Vegetarian Capsule""",11,1
3502,Caralluma,botanical,3,"""Caralluma"";""Caralluma extract"";""Caralluma fibriata extract""",3,0
1261,Caralluma fimbriata,Botanical,19,"""10:1 {Caralluma} concentrate"";""Caralluma aerial parts extract"";""Caralluma extract"";""Caralluma fibriata"";""Caralluma fibriata extract"";""Caralluma fimbriata"";""Caralluma fimbriata (aerial part) extract"";""Caralluma fimbriata (aerial parts) extract"";""Caralluma fimbriata (whole plant) extract"";""Caralluma fimbriata 12:1 extract"";""Caralluma fimbriata aerial parts extract"";""Caralluma fimbriata cactus 12:1 extract"";""Caralluma fimbriata extract"";""Caralluma fimbriatam 20:1 extract"";""Slimaluma(R)"";""Slimaluma(R) extract"";""Slimaluma(TM)"";""Slimaluma(TM) extract"";""Succulent Cactus""",47,1
1262,Carambola,Botanical,3,"""Carambola"";""Star fruit powder"";""Starfruit""",6,1
1575,Caraway,Botanical,15,"""Black Caraway extract"";""Caraway"";""Caraway (Carum carvi) seed extract"";""Caraway (Carum carvi) seed Oil"";""Caraway (Carum carvi) seed oil CO2 extract"";""Caraway (Carum carvii) seed oil"";""Caraway extract"";""Caraway Oil"";""Caraway Seed"";""Caraway seed 4:1"";""Caraway seed extract"";""Caraway seed Oil"";""Caraway seed powder"";""organic Caraway"";""Organic caraway fruit""",52,2
28,Carbohydrate,Carbohydrate,17,"""Carbohidrato Total"";""Carbohydrate Specific Enzymes"";""Carbohydrate Total"";""Carbohydrates"";""Carbonates"";""Net Carb"";""Net Carbohydrates"";""Non-fibrous Carbohydrates"";""other Carbohydrate"";""Other Carbohydrates"";""Tota Carbohydrate"";""Total Carb."";""Total Carbohydrate"";""Total Carbohydrates"";""Total Carbs"";""Total Carbs."";""Waxymaize Long Chain Carbohydrate Polymers""",90,5
2475,Carbohydrate (unspecified),carbohydrate,17,"""added Sugar"";""Carb."";""Carbohydrate"";""Carbohydrates"";""Carbs"";""Incl. added Sugars"";""includes added Sugar"";""includes added Sugars"";""Other Carbohydrate"";""Other Carbohydrates"";""Sugar"";""Sugars"";""Total Carb"";""Total Carb."";""Total Carbohydrate"";""Total Carbohydrates"";""Total Sugars""",12672,620
3627,Carbomer,other,1,"""Carbomer""",1,0
2924,Carbon,other,2,"""Carbon"";""virgin Carbon""",8,1
747,carbonate,Chemical,1,"""Carbon""",1,0
3452,Carbopol,other,1,"""Carbopol""",38,0
43,Cardamom,Botanical,16,"""Black Cardamom"";""Cardamom"";""Cardamom (Elettaria cardamomum) fruit oil"";""Cardamom extract"";""Cardamom powder"";""Cardamom seed extract"";""Cardamom seed extract 4:1"";""Cardamom seed powder"";""Cardamon"";""dried Cardamom seed pod extract"";""Elettaria Cardamomum"";""natural Cocoa powder"";""organic Cardamom"";""organic Cardamom powder"";""organic Cocoa powder"";""Redwood Cocoa""",240,2
3639,Carlina,botanical,1,"""Carline Thistle""",3,0
2683,Carnauba wax,chemical,2,"""Carnauba plant Wax"";""Carnauba Wax""",13,0
673,Carnosine,Amino Acid,3,"""Carnosine"";""L-Carnosine"";""Zinc-L-Carnosine""",111,1
1175,Carob,Botanical,5,"""Carob"";""Carob powder"";""Locust Bean gum"";""Organic Carob"";""St. John's bread""",56,1
2185,Carotenes,Chemical,2,"""from Beta Carotene"";""from Mixed Carotenes""",9,0
1553,Carotenoids,Botanical,20,"""Alpha-Carotene"";""Astareal(R)"";""Astaxanthin Esters"";""Beta Carotene"";""Betatene"";""Betatene Natural Mixed Carotenoids"";""Carotenoid Blend"";""Carotenoid Mix"";""Carotenoids"";""Cryptozanthin"";""Full Spectrum Carotenoids"";""Mixed Carotenoid Blend"";""Mixed Carotenoid Complex"";""Mixed Carotenoids"";""Mixed Carotenoids Blend"";""Mixed Natural Carotenoids"";""Natural Mixed Carotenoids"";""Neoxanthin"";""Other Carotenoids"";""Total Carotenoids""",218,19
156,Carrageenan,Botanical,7,"""Carrageenan"";""Carrageenan Gum"";""Gigartina"";""Irish Moss"";""Irish Moss (Chondrus crispus) powder"";""Irish Moss Algae"";""Irish Moss powder""",52,1
373,Carrot ,Botanical,55,"""'HiActives' Carrot powder"";""Carrot"";""Carrot (Daucus carota ssp. sativus) concentrate"";""Carrot (Daucus carota ssp. sativus) powder"";""Carrot (Daucus carota) powder"";""Carrot (root) powder"";""Carrot 10:1"";""Carrot concentrate"";""Carrot ext."";""Carrot extract"";""Carrot Fiber"";""Carrot Flour"";""Carrot juice (on Maltodextrin) powder"";""Carrot juice (root) powder"";""Carrot juice pdr."";""Carrot juice powder"";""carrot oil"";""Carrot oleoresin"";""Carrot organic vegetable powder"";""Carrot powder"";""Carrot Pulp powder"";""Carrot rhizome powder"";""Carrot root 4:1 ext."";""Carrot root 4:1 extract"";""Carrot root dry extract"";""Carrot root extract"";""Carrot root Fiber"";""Carrot root juice powder"";""Carrot root pdr"";""Carrot root pdr."";""Carrot root powder"";""Carrot Seed Oil"";""Carrot standardized extract"";""Carrot {concentrate}"";""Carrots"";""certified organic Carrot rhizome powder"";""Freeze Dried Carrot"";""Freeze Dried Carrot Concentrate"";""organic Carrot"";""Organic Carrot (Daucus carota) Root Powder"";""organic Carrot juice"";""organic Carrot juice concentrate"";""or""",1065,76
2738,Cartilage,animal part or source,8,"""Bovine Cartilage"";""Cartilage extract"";""Shark Cartilage powder"";""standardized Cartilage"";""standardized Chicken Cartilage"";""UC-II"";""UC-II standardized Cartilage"";""UC-II Standardized Chicken Cartilage""",41,1
2304,Cartilage (unspecified),animal part or source,4,"""Shark Cartilage powder"";""UC-II standardized Cartilage"";""UC-II Standardized Chicken Cartilage"";""UC-II(R) Standardized Cartilage""",7,0
2480,Carvacrol,chemical,1,"""Carvacrol""",15,0
374,Cascara,Botanical,18,"""Cascara"";""Cascara sagrada"";""Cascara Sagrada (bark) extract"";""Cascara Sagrada (Frangula purshiana) bark extract"";""Cascara Sagrada Aged Bark Powder"";""Cascara Sagrada bark"";""Cascara Sagrada bark (Frangula purshiana) extract"";""Cascara Sagrada bark extract"";""Cascara Sagrada Bark Powder"";""Cascara sagrada bark powder and extract"";""Cascara sagrada bark powder and standardized extract"";""Cascara Sagrada Bark Standardized Extract"";""Cascara Sagrada extract"";""Cascara Sagrada powder"";""Cascara Segrada"";""Cascarosides"";""Compound Fluid Extract Cascara Sagrada Bark"";""wild harvested Cascara Sagrada""",230,10
2608,Cascara Sagrada,botanical,6,"""Cascara Sagrada"";""Cascara Sagrada (Frangula purshiana) bark extract"";""Cascara Sagrada (Rhamnus purshiana) (bark) powder"";""Cascara Sagrada extract"";""dried Cascara Sagrada bark extract"";""wildcrafted Cascara Sagrada""",35,1
2416,Casein,protein,17,"""100% instantized Micellar Casein"";""Alpha {Casein}"";""AmealPeptide E10 powder"";""Beta {Casein}"";""Calcium Caseinate"";""Casein"";""Casein Decapeptide"";""Casein Decapeptides"";""Caseinate Protein"";""hydrolyzed isolated Casein"";""instantized Sodium Caseinate"";""Kappa Casein"";""Lactotripeptides"";""Micellar Alpha and Beta Casein and Caseinates"";""Micellar Casein"";""Native Micellar casein"";""Sodium Caseinate""",121,1
1263,Casein Peptides,Protein,18,"""AmealPeptide(R) Hydrolyzed Casein"";""Calcium Caseinate"";""Casearia esculenta Roxb."";""Casein Decapeptide"";""Casein derivative"";""Casein Protein Hydolysate"";""Casein Protein hydrolysate"";""Hydrolyzed Casein"";""Instantized Calcium Caseinate"";""Instantized micellar Casein"";""Isoleucyl-Prolyl-Proline"";""Lactalbumin Hydrolysate"";""micellar Casein"";""PeptoPro"";""PeptoPro Casein Hydrolysate"";""PeptoPro(R) Hydrolyzed Casein"";""Protein"";""Valyl-Prolyl-Proline""",36,1
3229,Cashew,botanical,1,"""Cashew""",5,0
1700,Cassava,Botanical,2,"""Cassava"";""Cassava Root""",4,0
387,Cassia Cinnamon,Botanical,24,"""cassia"";""Cassia bark extract"";""Cassia Bark Powder"";""Cassia Cinnamon"";""Cassia Cinnamon bark extract"";""Cassia Extract"";""Cassia nomame"";""Cassia nomame aerial parts extract"";""Cassia nomame extract"";""Cassia occidentalis"";""Cassia powder"";""Cinnamomi Cortex"";""Cinnamomum cassia"";""Cinnamon"";""Cinnamon (Cassia) extract"";""Cinnamon (Cinnamomum Casia) bark powder"";""Cinnamon extract"";""Cinnamon powder"";""CinnamonRich(TM) Cinnamon 20:1 extract"";""Cortex Cinnamomi"";""organic Cassia bark powder"";""organic Cinnamon"";""Organic Cinnamon 4:1 Extract"";""organic Cinnamon powder""",124,4
304,Cassia grandis,Botanical,1,"""Carao extract""",1,0
1688,Cassia nomame,TBD,5,"""Cassia nomame"";""Cassia nomame extract"";""Cassia nomame seed extract"";""Cassia nomame whole herb extract"";""LipoShield - Proprietary Cassia nomame seed extract""",17,0
669,Castor,Botanical,6,"""Castor"";""Castor Oil"";""Castor seed Oil"";""Eranda"";""Peg-40 Castor Oil"";""Ricinus communis""",9,0
376,Cat's Claw,Botanical,55,"""Ashancaria(TM) Cat's Claw extract"";""Cat's Claw"";""Cat's Claw (bark) extract"";""Cat's Claw (inner bark) extract"";""Cat's Claw (pentacyclic chemotype) (Saventaro brand) root extract"";""Cat's Claw (Uncaria tomentosa) extract"";""Cat's Claw (Uncaria tomentosa) inner bark extract"";""Cat's Claw (Unicaria tomentosa) bark powder"";""Cat's Claw 10:1 extract"";""Cat's Claw Bark"";""Cat's Claw bark (TOA-Free) extract"";""Cat's Claw bark extract"";""Cat's Claw bark powder"";""Cat's Claw extract"";""Cat's Claw inner bark (Uncaria tomentosa) extract"";""Cat's Claw inner bark (Uncaria tomentose) extract"";""Cat's Claw Liquid Extract"";""Cat's Claw powder"";""Cat's Claw Root 4:1 Extract"";""Cat's Claw root bark extract"";""Cat's Claw root extract"";""Cat's Claw standardised extract"";""Cats Claw"";""Cats Claw bark extract"";""Cats Claw bark powdered extract"";""Cats Claw Extract and Powder"";""Catuaba"";""Catuaba 4:1 extract"";""Cat?s Claw"";""Cat?s Claw (bark) extract"";""Cat?s Claw (inner bark) extract"";""Cat?s Claw (Uncaria tomentosa) bark extract"";""Cat?s Claw (Unc""",209,8
375,Catalase,Enzyme,2,"""625 i.u. Catalase"";""Catalase""",105,1
119,Catechin,Chemical,7,"""1,050 mg of Catechins"";""15 mg catechins"";""70 mg of Catechins"";""Catechin"";""Catechins"";""Green Tea Catechins"";""Total Catechins""",71,2
1101,Catechu,Botanical,13,"""Acacia catechu bark extract"";""Acacia catechu extract"";""Acacia catechu heartwood extract"";""Acacia catechu wood & bark extract"";""Acacia catechu wood and bark extract"";""Black Catechu"";""Black Catechu extract"";""Catechu"";""Cutch Tree"";""Cutch Tree (Acacia catechu) (bark) Powder"";""Cutch Tree extract"";""Cutch Tree wood & bark extract"";""Cutch Tree wood and bark extract""",44,7
2028,Catkin,Botanical,1,"""Catkins""",1,0
1701,Catnip,Botanical,10,"""Catnip"";""Catnip (Nepeta cataria) aerial parts extract"";""Catnip flowering herb (Nepeta cataria) extract"";""Catnip flowering tops extract"";""dried Catnip herb extract"";""fresh Catnip"";""fresh Catnip flowering tops extract"";""Indian Catnip"";""Indian Catnip extract"";""organic Catnip""",67,0
3039,Cattail,botanical,1,"""Typha angustifolia""",2,0
1577,Catuaba,botanical,12,"""Brazilian Catuaba 4:1 extract"";""Catauba"";""Catauba bark PE 4:1"";""Catauba Bark Powder"";""Catuaba"";""Catuaba Bark"";""Catuaba bark extract"";""Catuaba bark powder"";""Catuaba extract"";""Catuaba powder"";""Natural Catuaba Extract"";""wildcrafted Catuaba""",41,2
458,Cauliflower ,Botanical,13,,449,37
1237,,Botanical,1,,1,0
29,,Botanical,42,,546,24
2537,,botanical,4,,6,0
631,,Botanical,36,,434,27
579,,Enzyme,19,,1448,70
30,,Other,13,,136,8
514,,Botanical,1,,2,0
267,,Botanical,3,,3,0
1651,,Botanical,5,,16,0
1660,,Chemical,1,,4,0
1889,,Chemical,1,,1,1
2795,,chemical,5,,9,0
3670,,chemical,1,,1,0
2097,,Botanical,4,,6,0
3350,,other,1,,17,1
745,,Element,3,,26,1
3669,,fatty acid,1,,3,0
2997,,fatty acid,4,,28,1
332,,Fatty Acid,14,,16,0
2612,,botanical,12,,24,0
2846,,botanical,5,,12,0
3431,,botanical,1,,1,0
333,,Botanical,5,,12,0
334,,Botanical,1,,1,0
2514,,other,14,,82,2
135,,Botanical,34,,230,6
2257,,botanical,11,,154,7
2115,,Botanical,19,,43,1
1704,,Botanical,8,,17,0
336,,Botanical,1,,5,0
2594,,botanical,49,,295,10
2839,,botanical,2,,19,0
1967,,Botanical,1,,1,0
2619,,botanical,16,,163,7
1019,,Botanical,33,,261,7
3398,,fat,1,,2,0
2492,,protein,1,,21,0
394,,,1,,4,0
2105,,,13,,30,2
715,,Botanical,15,,65,0
1196,,Botanical,19,,105,2
3210,,,2,,3,1
3073,,botanical,1,,2,0
2566,,botanical,2,,8,0
2663,,botanical,2,,7,0
1558,,Botanical,21,,92,0
2004,,Botanical,2,,19,0
3096,,botanical,2,,5,0
2758,,botanical,5,,18,0
2512,,botanical,1,,3,0
3014,,botanical,2,,104,0
382,,Botanical,1,,4,0
2967,,botanical,1,,1,0
2565,,botanical,2,,2,0
3052,,botanical,1,,2,0
2469,,botanical,11,,58,2
3026,,botanical,1,,1,0
3070,,botanical,1,,1,0
2970,,botanical,1,,1,0
3600,,botanical,1,,7,0
3478,,botanical,3,,20,0
1705,,botanical,1,,3,0
2055,,Botanical,1,,1,0
464,,,4,,51,2
1706,,Botanical,1,,2,0
36,,Botanical,68,,895,33
37,,Mineral,4,,1089,138
354,,Chemical,7,,19,0
38,,Botanical,13,,381,13
1204,,Botanical,10,,111,7
3008,,other,1,,3,0
665,,Botanical,16,,96,3
195,,,4,,5181,224
39,,,26,,3594,267
2801,,chemical,3,,11,1
40,,Chemical,25,,727,90
41,,Element,36,,5604,448
2900,,chemical,1,,1,0
2889,,chemical,2,,3,0
2736,,chemical,1,,9,0
2491,,chemical,4,,110,2
2500,,chemical,4,,42,2
1452,,Botanical,1,,4,0
356,,Botanical,10,,55,1
386,,TBD,3,,71,2
1926,,Enzyme,2,,12,1
372,,Enzyme,4,,75,1
1319,,Botanical,2,,2,0
2727,,chemical,1,,1,0
3608,,botanical,2,,2,0
1578,,Botanical,86,,780,26
388,,Botanical,21,,118,4
389,,Botanical,13,,63,2
2961,,botanical,1,,1,0
714,,TBD,1,,1,0
378,,Botanical,1,,1,0
154,,Botanical,28,,125,1
3419,,botanical,1,,1,0
407,,Botanical,2,,6,0
3454,,botanical,1,,2,0
410,,Chemical,11,,74,0
1653,,Chemical,3,,116,0
3072,,botanical,1,,1,0
2792,,,8,,255,3
2471,,chemical,12,,491,5
377,,Botanical,35,,95,4
2631,,botanical,9,,11,0
21,,Botanical,18,,236,24
3218,,,1,,3,0
481,,Botanical,3,,7,0
194,,Botanical,1,,6,0
1617,,Botanical,5,,10,0
437,,Botanical,6,,12,0
2462,,botanical,8,,31,0
2166,,Botanical,5,,8,1
513,,Botanical,1,,1,0
2011,,Botanical,1,,1,0
628,,Botanical,2,,9,0
2167,,Botanical,33,,210,2
1210,,Botanical,15,,76,2
2103,,Botanical,5,,8,0
1238,,Botanical,15,,60,0
1184,,Other,1,,1,0
42,,Element,4,,56,5
445,,Enzyme,1,,16,0
2448,,botanical,3,,9,1
704,,Botanical,63,,287,7
2314,,botanical,20,,113,1
1142,,Botanical,17,,116,7
3193,,carbohydrate,2,,2,0
2274,,botanical,7,,47,3
390,,Fatty Acid,6,,45,8
1264,,Botanical,14,,137,4
44,,,75,,2350,124
326,,Botanical,55,,135,3
352,,Botanical,3,,5,0
2499,,botanical,6,,29,0
446,,Botanical,9,,55,0
2268,,botanical,32,,151,4
3167,,protein,33,,164,8
2740,,protein,8,,34,2
1463,,Protein,20,,55,2
2283,,protein,24,,71,9
391,,Protein,14,,80,6
2270,,animal part or source,1,,1,0
2733,,botanical,15,,55,2
3151,,botanical,2,,6,0
1753,,Other,1,,6,0
392,,Other,1,,1,0
675,,Mineral,2,,11,0
2724,,other,3,,2,0
1182,,Other,4,,3,1
393,,,23,,133,8
2998,,protein,1,,1,0
369,,Botanical,3,,6,0
2094,,Botanical,1,,3,0
2713,,botanical,1,,1,0
2607,,botanical,2,,2,0
2917,,botanical,2,,13,0
572,,Other,188,,277,14
674,,Botanical,2,,4,0
660,,Fatty Acid,53,,520,20
1997,,Botanical,7,,14,0
3658,,botanical,1,,4,0
45,,Mineral,17,,4792,506
308,,Mineral,10,,25,1
3270,,chemical,1,,1,0
46,,Botanical,63,,417,11
1205,,Botanical,20,,210,11
1623,,Botanical,28,,118,4
1207,,Botanical,22,,65,4
2423,,,2,,4,0
1206,,Botanical,13,,75,0
3143,,carbohydrate,1,,1,0
3099,,botanical,1,,2,0
677,,Botanical,9,,53,1
750,,Botanical,1,,6,0
1957,,Botanical,3,,20,0
2222,,Botanical,1,,2,0
1710,,Chemical,1,,1,0
2040,,Botanical,1,,4,0
1093,,Botanical,36,,355,5
3533,,botanical,1,,1,0
1869,,Botanical,2,,10,0
462,,Botanical,9,,56,0
47,,Botanical,143,,1423,87
2655,,botanical,3,,11,0
288,,,1,,7,0
397,,Chemical,110,,1633,29
2691,,chemical,2,,26,2
3074,,chemical,2,,4,1
2690,,chemical,1,,4,0
2912,,chemical,1,,40,1
676,,Chemical,2,,53,0
3208,,botanical,1,,2,0
1320,,Chemical,1,,4,0
1321,,Chemical,1,,1,0
2431,,animal part or source,2,,2,0
401,,TBD,3,,150,19
1324,,Botanical,2,,5,0
1325,,Botanical,9,,213,17
17,,Botanical,17,,79,0
1328,,Botanical,4,,7,1
1432,,Botanical,5,,17,0
2952,,botanical,1,,2,0
2377,,chemical,27,,149,3
3710,,chemical,2,,3,0
2300,,chemical,8,,58,2
2438,,chemical,4,,29,0
3517,,botanical,3,,10,1
3443,,chemical,2,,68,1
3448,,chemical,1,,3,0
1330,,Botanical,3,,6,0
3031,,botanical,1,,4,0
1331,,Chemical,1,,18,0
3584,,chemical,1,,1,0
1895,,Chemical,2,,3,0
2616,,botanical,3,,5,0
1333,,Botanical,1,,2,0
2628,,botanical,3,,5,0
2847,,botanical,3,,39,0
2016,,Botanical,7,,23,0
1405,,Botanical,2,,5,0
2404,,,5,,354,20
2409,,,2,,190,9
