Ingredient - Group ID,Ingredient - Group Name,CATEGORY,# of Synonyms /Sources,Synonyms/Sources,# of Products,# of NHANES Products
1125,icariin,Botanical,5,"""Icariin"";""Icariin HPLC"";""Icariins"";""Icarrin"";""Isolated Single Peak Icariin""",8,0
1590,Iceland Moss,Botanical,4,"""Iceland Moss"";""Lichen"";""Lichen islandicus"";""Lichen oil pdr.""",11,0
1771,Icosenoic Acid,Fatty Acid,1,"""Icosenoic Acid""",3,0
1468,Idebenone,Other,1,"""Idebenone""",13,1
1471,Ignatius Bean,Botanical,2,"""Ignatia 10x, 30x & LM1"";""Ignatia Amara""",2,0
2776,Ilex (unspecified),botanical,2,"""Ilex"";""Ilex asprella""",4,0
1773,immunoglobulin,Animal Part or Source,8,"""Ig"";""IgG"";""Immunoglobulin"";""Immunoglobulin G"";""Immunoglobulin Protein concentrate"";""Immunoglobulins"";""IMMUNOLIN"";""Other Immunoglobulins""",60,1
1470,Immunoglobulin G,Chemical,2,"""IgG"";""Immunoglobulins""",12,0
471,INCINERATE,Other,3,"""Fushen Sclerotium"";""Hoelen Sclerotium"";""Poria Sclerotium extract""",12,0
2850,Indian Cassia,botanical,1,"""Indian Cassia""",1,0
1475,Indian colchicum,Botanical,1,"""Indian Colchicum""",1,0
3069,Indian Coraltree,botanical,1,"""Erythrina variegata""",1,0
360,Indian Frankincense,Botanical,66,"""5-LOXIN"";""5-LOXIN - Boswellia serrata extract"";""5-LOXIN Advance(TM) AKBA Boswellia serrata Extract"";""5-LOXIN Advanced AKBA Boswellia serrata extract"";""5-Loxin Boswellia serrata extract"";""Aflapin Boswellia serrata"";""Aflapin Boswellia serrata extract"";""ApresFLEX"";""ApresFlex (Boswellia serrata) extract"";""ApresFlex Boswellia serrata extract"";""ApresFlex Boswellia serrata gum extract"";""ApresFlex Indian Frankincense (Boswellia serrata) extract"";""ApresFLEX(R) Boswellia extract"";""ApresFlex(R) Indian Frankincense"";""Apresflex-Boswellia serrata extract"";""Boswella"";""Boswella Serrata"";""Boswella Serrata 65% Extract"";""Boswellia"";""Boswellia (Boswellia serrata) extract"";""Boswellia (Boswellia serrata) gum resin extract"";""Boswellia (Boswellia serrata) resin extract"";""Boswellia AKBA Standardized Extract"";""Boswellia carterri"";""Boswellia extract"";""Boswellia Gum Extract"";""boswellia gum resin"";""Boswellia gum resin extract"";""Boswellia powder"";""Boswellia resin extract"";""Boswellia resin powder"";""Boswellia root powder"";""Boswellia serrata""",394,37
319,Indian Gooseberry,Botanical,76,"""Amalaki"";""Amalaki Ghana"";""Amla"";""Amla (Emblica officinalis) fruit extract"";""Amla (Indian Gooseberry) 12:1 extract"";""Amla (Phyllanthus emblica) (fruit) ext."";""Amla (Phyllanthus emblica) (fruit) extract"";""Amla (Phyllanthus emblica) berry extract"";""Amla (Phyllanthus emblica) extract"";""Amla (Phyllanthus emblica) fruit extract"";""Amla (Phyllanthus emblica)(fruit) Extract"";""Amla berry"";""Amla berry juice"";""Amla ext."";""Amla extract"";""Amla extract paste"";""Amla Fruit 3:1"";""Amla Fruit 3:1 Extract"";""Amla fruit 4:1 extract"";""Amla fruit extract"";""Amla fruit juice powder"";""Amla fruit leaves extract"";""Amla fruit pdr."";""Amla fruit powder"";""Amla Ghana"";""Amla juice powder"";""Amla powder"";""Amla standardized extract"";""Amla whole fruit pdr."";""Amla whole fruit powder"";""Amlaki"";""Capros (Phyllanthus emblica) fruit extract"";""Capros Amla extract"";""Capros Amla fruit extract"";""Capros Indian Gooseberry"";""Capros Indian Gooseberry (Phyllanthus emblica) fruit extract"";""Capros Indian Gooseberry fruit extract"";""certified organic Amla"";""certified""",550,11
2813,Indian Kinotree,botanical,7,"""Bivala Ghana"";""Indian Kino Tree (Pterocarpus marsupium) extract"";""Indian Kino Tree (wood) extract"";""Indian Kino Tree bark extract"";""Indian Kino Tree extract"";""Pterocarpus marsupium"";""Silbinol""",18,0
502,Indian Long Pepper,Botanical,14,"""dried Long Pepper fruit extract"";""fermented organic Long Pepper"";""Long Pepper"";""Long Pepper extract"";""Long Pepper fruit extract"";""Long Pepper powder"";""Miri"";""organic Long Pepper"";""Piper longum"";""Piper longum fruit extract"";""Pipli"";""Pippali"";""Pippalimool powder"";""Pipper longum""",159,2
2715,Indian Madder,botanical,5,"""Indian Madder"";""Indian Madder extract"";""Manjista"";""Manjistha root powder"";""Rubia cordifolia""",14,0
472,Indian Rhubarb (herb powder),Botanical,2,"""Indian Rhubarb"";""Indian Rhubarb leaf stalk powder""",2,0
1449,Indian Sarsparilla,Botanical,2,"""Hemidesmus indicus"";""Hemidesmus indicus extract""",2,0
1693,Indian snakeroot,Botanical,7,"""Rauwolfia"";""Rauwolfia root extract"";""Rauwolfia serpentina"";""Rauwolfia serpentina extract"";""Rauwolfia serpentine"";""Sarpagandha leaf & root extract"";""Sarpgandha""",29,0
1477,Indium,Element,2,"""99.9% pure Indium"";""Indium""",26,1
473,Indole-3-Carbinol (I3C),Botanical,5,"""I3C"";""Indole 3 Carbinol"";""Indole-3 Carbinol"";""Indole-3-Carbinol"";""l3C""",71,3
2269,Inonotus obliquus,other,2,"""Chaga (Inonotus obliquus) sclerotium extract"";""fresh Chaga (Inonotus obliquus) mycelium extract""",15,0
1006,Inorganic Sulfate,Chemical,2,"""Clubmoss powder"";""Toothed Clubmoss""",28,1
1774,inosine,Chemical,2,"""Inosine"";""Inosine-Ethyl Ester HCl""",39,0
474,Inosine Phosphate,Chemical,2,"""Inosine Anhydrous"";""Inosine Phosphate""",10,0
85,Inositol,Vitamin,17,"""D-Chiro Inositol"";""D-Chiro-Inositol"";""D-Myo-Inositol"";""elemental Inositol"";""Inositol"";""Inositol 50 mg"";""Inositol and IP-6"";""Inositol Complex"";""Inositol Crystals"";""Inositol FCC"";""Inositol hexanicotinate"";""Inositol Hexaphosphate"";""Inositol NF"";""Inositol Niacinate"";""Inositol Nicotinate"";""Inositol powder"";""Myo-Inositol""",3276,268
1075,Inositol nicotinate,Vitamin,6,"""flush-free Niacin"";""from 375 mg Inositol Hexaniacinate"";""Inositol Hexaniacinate"";""Inositol Hexanicotinate"";""Inositol Nicotinate"";""No-Flush Niacin""",32,1
1478,insulin,Hormone,1,"""Insulin""",1,0
1772,Insulin-Like Growth Factor,Protein,7,"""homeopathically-formulated recombinant DNA Human Insulin-like Growth Factor-1"";""IGF-1"";""Insulin Growth Factor (Type 1)"";""Insulin Growth Factor (Type 2)"";""Insulin like Growth Factor I"";""Insulin like Growth Factor II"";""Insulink GF Protion(TM)""",11,1
1479,Insulina,Botanical,1,"""Insulina leaf extract""",1,0
2817,Intestine,animal part or source,3,"""Duodenal Substance"";""Large Intestine extract"";""Raw Porcine Duodenum""",3,0
1480,Inula,Botanical,4,"""Inula racemosa"";""Inula racemosa extract"";""Inula racemosa root extract"";""organic Inulin""",5,1
1126,Inulin,Botanical,22,"""2.5g Inulin"";""Blue Agave Inulin"";""Chicory Inulin"";""Chicory root Inulin"";""enriched Inulin Fiber"";""Frutafit"";""in a base of inulin"";""InnuGuard"";""Inulin"";""Inulin (Cichorium intybus) (root) powder"";""Inulin Fiber"";""Inulin FOS"";""Inulin powder"";""Inulin powders"";""Inulin/FOS"";""Jerusalem Artichoke Inulin"";""organic Agave Inulin"";""organic Blue Agave Inulin"";""organic Inulin"";""Organic Inulin (Jerusalem Artichoke) powder"";""organic Inulin powder"";""organic Jerusalem Artichoke Inulin""",295,12
1469,Inulin growth factor,Chemical,3,"""IGF"";""IGF-1"";""IGF-2""",3,0
476,Invertase,Enzyme,1,"""Invertase""",4,0
184,Iodine,Mineral,16,"""150-360mcg Iodine"";""99.9% pure Iodine"";""Elemental Iodine"";""I"";""Iodide"";""Iodie"";""Iodine"";""Iodine (Kelp) 0.3%"";""molecular Iodine"";""Potassium Iodide"";""providing 455 mcg iodine"";""Sodium Iodide"";""standardised to 150mcg Iodine"";""whole-food Iodine"";""Yodo"";""Yoduro de Potasio""",4602,467
3006,Iodotyrosine,chemical,1,"""Iodotrysine""",2,0
477,Ionic Trace Minerals,Mineral,11,"""Clay-Derived Trace Mineral Solution"";""Concentrated ocean Ionic Mineral powder"";""Contains 90mg/oz (solids) ionic Trace Mineral Complex"";""Ionic Ocean Based Minerals"";""Ionic plant based minerals"";""ionic Sea Minerals"";""Ionic Trace Minerals"";""Liquid Ionic Minerals"";""ocean-derived Ionic Trace Minerals"";""over 70 ccean & plant derived Ionic Trace Minerals"";""over 70 Ionic Trace Minerals""",22,3
478,IP-6,TBD,5,"""Inositol Hexaphosphate"";""IP-6"";""IP-6 Powder"";""IP6"";""Phytic Acid""",51,4
479,Ipriflavone,Other,4,"""Ipriflavone"";""Ipriflavone powder"";""Ostivone"";""Ostivone Ipriflavone""",59,2
1483,Iridium,Element,1,"""Iridium""",21,3
1484,Iridoid glycosides,Chemical,2,"""Iridoid Glycosides"";""min. 0.4 mg Iridoids""",2,0
2489,Irish Moss,other,6,"""Chondrus Crispus"";""DELETE"";""dried Irish Moss seaweed extract"";""Irish Moss"";""Irish Moss Algae extract"";""Irish Moss powder""",76,2
254,Iron,Mineral,43,"""42.5mg from Ferrous Fumarate"";""53 mg from Ferrous Fumarate"";""99.9% pure Iron"";""as 158 mg Ferrochel(TM) Iron Bisglycinate"";""as HIP"";""dried Ferrous Sulfate"";""elemental Iron"";""Fe"";""Ferric Phosphate"";""Ferrochel"";""Ferrochel Iron Bisglycinate"";""Ferronyl"";""Ferronyl Carbonyl Iron"";""Ferrous Fumarate"";""Ferrous Gluconate"";""Ferrous Sulfate"";""Ferrum Met 10x, 30x & LM1"";""from 143 mg Ferrous Sulfate"";""from 160 mg of Dried Ferrous Sulfate"";""from 246 mg of Ferrous Gluconate"";""from 256 mg of Ferrous Gluconate"";""from ferrous sulfate"";""Heme Iron Polypeptide"";""Hierro"";""Hierro Reducido"";""HIP"";""Iodine"";""Iron"";""Iron Ascorbate"";""Iron Aspartate"";""Iron Citrate"";""Iron Complex"";""Iron fumarate"";""Iron Picolinate"";""IronAid Iron Protein Succinylate"";""Liposomal Iron"";""Natural Iron"";""Polysaccharide Iron Complex"";""reduced Iron"";""Sumalate"";""Sunactive(R) Iron"";""{Iron} Aminoate"";""{Iron} Picolinate""",5680,430
1026,Irvingia gabonensis,Botanical,24,"""African Bush Mango"";""African Bush Mango IGOB131 Irvingia gabonensis"";""African Mango"";""African Mango (Irvingia gabonensis) extract"";""African Mango (Irvingia gabonensis) seed extract"";""African Mango extract"";""African Mango seed extract"";""African Mango Seed Extract 10:1"";""Certified Irvingia"";""Certified Irvingia(TM) Irvingia gabonensis proprietary extract"";""certified organic Mango (Mangifera indica) puree"";""Garcinia cambogia extract"";""IGOB131 Irvingia gabonensis extract"";""IGOB131(R) (Irvingia Gabonensis) African Mango proprietary extract"";""Integra-Lean African Mango (Irvingia gabonensis) Proprietary extract"";""Irvingia gabonensis"";""Irvingia gabonensis (African Mango) extract"";""Irvingia Gabonensis Extract"";""Irvingia gabonensis IGOB131"";""Irvingia Gabonensis IGOB131(R) Proprietary Extract"";""Irvingia gabonensis proprietary extract"";""Irvingia gabonensis seed extract"";""WellTrim iG (IGOB131) African Mango (Irvingia gabonensis) seed extract"";""WellTrim iG (IGOB131) Irvingia gabonensis seed extract""",110,2
1036,Isatis,Botanical,17,"""Ban Lan Gen"";""Da Qing Ye"";""dried Isatis root extract"";""Dyer's Woad"";""Dyer's Woad extract"";""Dyer's Woad Root Extract"";""Dyer's-Woad extract"";""Indigo"";""Indigowoad 10:1 extract"";""Isatis"";""Isatis extract"";""Isatis indigotica"";""Isatis Leaf"";""Isatis leaf extract"";""Isatis root extract"";""Isatis tinctoria"";""Isatis tinctoria root extract""",127,5
3387,isoflavone (unspecified),chemical,10,"""Isoflavone Glycosides"";""Isoflavones"";""Novasoy Isoflavone Complex"";""Soy Isoflavone"";""Soy Isoflavone Complex"";""Soy Isoflavones"";""Soy Isoflavones concentrate"";""Soy seed isoflavones"";""Total Isoflavones"";""Total Soy Isoflavones""",17,1
480,Isoflavones,Botanical,14,"""Aglycone Isoflavones"";""AIE Total Isoflavones"";""Isoflavone Standardized Plant extract 40%"";""Isoflavones"";""Isoflavones:"";""non-GMO Soy Isoflavone powder"";""Ostivone"";""Ostivone(R)"";""purified Isoflavones"";""Soy Isoflavone extract"";""Soy Isoflavones"";""Soya Isoflavones"";""Soybean (Glycine max) Isoflavone extract"";""Total Isoflavones""",59,2
2357,Isoflavones (unspecified),chemical,6,"""Isoflavones"";""Novasoy Soy Isoflavone concentrate"";""Soy Isoflavone Blend"";""Soy Isoflavones"";""Soy Isoflavones powder"";""Total Isoflavones""",97,4
2415,Isoleucine,amino acid,16,"""AjiPure pharmaceutical grade L-Isoleucine"";""fermented Isoleucine"";""Glycyl-Alanyl-Lysine-L-Isoleucine"";""instantized Isoleucine"";""instantized L-Isoleucine"";""Isoleucine"";""L-Isoleucine"";""L-Isoleucine Ethyl Ester"";""L-Isoleucine Peptide"";""micro instantized L-Isoleucine"";""Micro-Instantized L-Isoleucine"";""micronized Isoleucine"";""micronized L-Isoleucine"";""Vegan L-Isoleucine"";""{instantized} L-Isoleucine"";""{Isoleucine}""",1404,39
482,Isomalt,Botanical,2,"""Isomalt"";""Isomalto-Oligosaccharides""",2,0
3082,Isomalto-oligosaccharide,fiber,3,"""Isomalto-Oligosaccharides"";""Prebiotic"";""VitaFiber""",7,0
3511,isomaltooligosaccharide,fiber,2,"""Isomalto-Oligosaccharide mixture"";""Isomalto-Oligosaccharide syrup""",3,0
1486,Isomaltulose,Chemical,3,"""Isomaltulose"";""Isomaltulose Powder"";""Palatinose""",7,0
3500,Isopropyloctopamine,chemical,1,"""Isopropyloctopamine""",6,0
1488,Isosilybin,Chemical,3,"""Isosilybin A"";""Isosilybin A and Isosilybin B"";""Isosilybin B""",3,0
1776,Isothiocyanate,Chemical,2,"""Containing at least 1,200 mcg of isothiocyanates"";""Isothiocyanates""",5,0
