Ingredient - Group ID,Ingredient - Group Name,CATEGORY,# of Synonyms /Sources,Synonyms/Sources,# of Products,# of NHANES Products
2326,Zeaxanthin,chemical,10,"""3R,3?R-Zeaxanthin"";""3R,3?S-Zeaxanthin"";""Meso-Zeaxanthin"";""OmniXan Zeaxanthin"";""RR-Zeaxanthin"";""Trans-Zeaxanthin"";""Zeaxanthin"";""Zeaxanthin Carotenoid"";""Zeaxanthin Esters"";""Zeaxanthin Isomers""",906,78
2173,Zedoary,Botanical,2,"""Zedoaria"";""Zedoary""",7,0
2855,Zeolite,other,7,"""activated sub-micronized Zeolite"";""air filtered micro Zeolite"";""Micronized Zeolite"";""micronized-Zeolite"";""Zeolite"";""Zeolite powder"";""Zeolites concentrate""",8,0
137,Zinc,Mineral,51,"""9.75 mg of Zinc"";""99.9% pure Zinc"";""Cinc"";""elemental Zinc"";""from 400 mg Zinc Gluconate"";""from 75 mg of zinc gluconate"";""Natural Zinc"";""PepZinGI Zinc-Carnosine"";""PepZinGl Zinc L-Carnosine"";""Sulfato de zinc monohidratado"";""TRAACS Zinc Bisglycinate Chelate"";""whole-food Zinc"";""Zinc"";""Zinc (Citrate) 34.3%"";""Zinc 9"";""Zinc AAC"";""Zinc Acetate Dihydrate"";""Zinc Amino Acid Chelate"";""Zinc Aminoate"";""Zinc Arginate Chelate"";""Zinc Ascorbate"";""Zinc Asparate"";""Zinc Aspartate"";""Zinc Bisglycinate Chelate"";""Zinc Blend"";""Zinc Carnosine"";""Zinc Chelate"";""Zinc Citrate"";""Zinc Citrate Dihydrate"";""Zinc Complex"";""Zinc Difumarate Hydrate"";""Zinc Gluconate"";""Zinc Gluconato"";""Zinc Krebs Complex"";""Zinc L-Methionine"";""Zinc L-Monomethionine"";""Zinc Malate"";""Zinc Mono-L-Methionine Sulfate"";""Zinc Monomethionate"";""Zinc Monomethionine"";""Zinc Monomethionine Aspartate"";""Zinc Oxide"";""Zinc Picolinate"";""Zinc Succinate"";""Zinc Sulfate"";""Zinc Sulfate Heptahydrate"";""Zinc Tannates"";""Zinc-Carnosine"";""Zn"";""Zn Glycinate"";""Zn Lipoate""",8166,709
3495,Zinc alpha ketoglutarate,chemical,1,"""Zinc Alpha-Ketoglutarate""",1,0
2524,Zinc Ascorbate,chemical,1,"""Zinc Ascorbate""",5,0
2939,Zinc Picolinate,chemical,1,"""Zinc Picolinate""",1,0
3588,Zinc-l-Carnosine,chemical,1,"""Zinc-L-Carnosine""",1,0
3145,Zingerone,chemical,1,"""Zingerone""",8,1
1249,Zinnia,Botanical,1,"""infusion (1:6000) of Zinnia elegans""",2,0
1251,Zirconium,Element,1,"""Zirconium""",24,1
1861,Zucchini,Botanical,5,"""Zucchini"";""Zucchini (Cucurbita pepo) fruit pdr."";""Zucchini (Cucurbita pepo) fruit powder"";""Zucchini powder"";""Zucchini Squash""",40,0
