Ingredient - Group ID,Ingredient - Group Name,CATEGORY,# of Synonyms /Sources,Synonyms/Sources,# of Products,# of NHANES Products
426,Xanthan Gum,Chemical,2,"""Xanthan"";""Xanthan Gum""",132,0
470,Xanthoparmelia,Other,6,"""Xanthoparmelia extract"";""Xanthoparmelia powder extract"";""Xanthoparmelia scabrosa"";""Xanthoparmelia scabrosa extract"";""Xanthoparmelia scabrosa PWD"";""Xanthroparmelia scabrosa""",22,0
3116,Xantinol Nicotinate,other,1,"""Xanthinol Nicotinate""",9,0
1978,Xylanase,Enzyme,3,"""Xanthines"";""Xylanase"";""Xylanese""",221,6
2243,Xylitol,TBD,1,"""Xylitol""",148,3
3459,Xylose,carbohydrate,1,"""D-Xylose""",2,0
