Ingredient - Group ID,Ingredient - Group Name,CATEGORY,# of Synonyms /Sources,Synonyms/Sources,# of Products,# of NHANES Products
2465,Jack-in-the-pulpit,botanical,1,"""Jack-In-The-Pulpit""",7,0
2248,Jalap,botanical,2,"""Indian Jalap"";""Jalap root extract""",3,0
1079,Jamacian Dogwood,Botanical,8,"""dried Jamaica Dogwood root bark extract"";""Jamaica Dogwood"";""Jamaica Dogwood (Piscidia erythrina) bark extract"";""Jamaica Dogwood (Piscidia piscipula) Root Extract"";""Jamaica Dogwood bark extract"";""Jamaica Dogwood extract"";""Jamaica Dogwood root bark (Piscidia piscipula) extract"";""Jamaican Dogwood""",28,2
668,Jambolan,Botanical,13,"""Cherry Plum"";""Dried Plum extract"";""Eugenia jambulanum"";""Jambolan"";""Jambolan (seed) extract"";""Jambolan extract"";""Jambolan leaf extract"";""Jambul"";""Jambul Liquid Extract"";""Plum"";""Plum essence"";""plum powder"";""Syzygium cumini seed extract""",48,5
1490,Japanese Apricot,Botanical,4,"""Mume"";""Plum"";""Prunus mume"";""Wu Mei""",4,0
3320,Japanese Honeysuckle,botanical,3,"""dried Japanese Honeysuckle flowers extract"";""Honeysuckle"";""organic Japanese Honeysuckle""",3,0
3296,Japanese Horseradish,botanical,3,"""Wasabi"";""Wasabi powder"";""Wasabia""",25,0
338,Japanese Mint,Botanical,2,"""Chinese Mint"";""Chinese Mint extract""",15,0
448,jasmine,Botanical,3,"""Cape Jasmine"";""Jasmine Tea leaf extract"";""organic Jasmine""",3,0
3743,Jatamansi,botanical,1,"""Jatamasi""",2,0
2797,Jatoba,botanical,1,"""wildcrafted Jatoba""",2,0
2205,Java Tea,Botanical,4,"""Java Tea"";""Java Tea extract"";""Orthosiphon"";""Orthosiphon leaf freeze-dried extract""",6,0
1177,Jerusalem Artichoke,Botanical,8,"""Jerusalem Artichoke"";""Jerusalem Artichoke (Helianthus tuberosus) root std. extract"";""Jerusalem Artichoke extract"";""Jerusalem artichoke fruit extract"";""Jerusalem Artichoke root extract"";""organic Jerusalem Artichoke"";""organic Jerusalem Artichoke Fiber"";""organic Whole Jerusalem Artichoke Flour""",25,0
1474,Jewelweed,Botanical,2,"""Impatiens glandulifera"";""infusion (1:6000) of Impatiens glandulifera""",4,0
1250,Jiaogulan,Botanical,14,"""ActivAMP Gynostemma extract"";""ActivAMP Gynostemma pentaphyllum extract"";""ActivAMP(TM) Gynostemma pentaphyllum Leaf Extract"";""ActivAMP(TM) Jiaogulan (Gynostemma pentaphyllum) (leaf) Extract"";""Gynostemma"";""Gynostemma Concentrate"";""Gynostemma leaf extract"";""Gynostemma pentaphyllum"";""Gynostemma pentaphyllum (leaf) gypenosides"";""Gynostemma pentaphyllum extract"";""Gynostemma pentaphylum"";""Gynostemma whole plant extract"";""Jiaogulan"";""wildcrafted Jiaogulan""",144,1
2003,Job's Tears,Botanical,5,"""Coix"";""Coix lachryma jobi"";""Job's Tears"";""Job?s Tears"";""Yi Yi Ren""",21,0
3440,Joe-Pye,botanical,2,"""Gravel Root"";""Gravel Root powder""",10,0
1195,jojoba,Botanical,3,"""Jojoba Extract"";""Jojoba oil"";""Jojoba seed extract""",3,0
415,Jujube ,Botanical,36,"""Chinese Date"";""Da Zao"";""Date seed extract"";""Dateseed extract"";""Judas Tree (Cercis siliquastrum) bud extract"";""Jujuba"";""Jujube"";""Jujube (fruit) extract"";""Jujube (seed) extract"";""Jujube (Ziziphus jujuba var spinosa) extract"";""Jujube (Ziziphus jujuba) (fruit) extract"";""Jujube (Ziziphus jujuba) (fruit) Powder"";""Jujube (Ziziphus lupulus) seed extract"";""Jujube (Ziziphus mauritianae) (seed) extract"";""Jujube date"";""Jujube Date seed extract"";""Jujube extract"";""Jujube fruit extract"";""Jujube fruit seed extract"";""Jujube seed 4:1 extract"";""Jujube seed extract"";""Jujube [fruit] extract"";""Red Date"";""Red Date fruit extract"";""Semen Ziziphi Spinosae"";""Wild Jujube"";""Wild Jujube extract"";""Ziziphus"";""Ziziphus jujuba"";""Ziziphus mauritiana [Jujube] fruit extract"";""Ziziphus spinosa"";""Ziziphus spinosa extract"";""Zizyphus"";""Zizyphus Jujuba Inermis"";""Zizyphus Jujuba Mill"";""Zizyphus Seed""",173,6
483,Juniper,Botanical,30,"""Ampiberry"";""Common Juniper"";""Common Juniper (Juniperus communis) young shoot extract"";""dried Juniper berry extract"";""dried powdered Juniper berries"";""essential oil of Juniper"";""Juniper"";""Juniper (Juniperus communis) (berry) powder"";""Juniper (Juniperus communis) berry extract"";""Juniper (Juniperus communis) extract"";""Juniper (Juniperus communis) fruit 4:1 extract"";""Juniper (Juniperus communis) powder"";""Juniper (Juniperus communis) young shoot extract"";""Juniper Berries"";""Juniper berries extract"";""Juniper berries powder"";""Juniper berry"";""Juniper berry (Juniperus communis) extract"";""Juniper berry 20:1 extract"";""Juniper Berry 4:1 Extract"";""Juniper berry extract"";""Juniper Berry fruit"";""Juniper berry herb powder"";""Juniper berry Oil"";""Juniper berry powder"";""Juniper extract"";""Juniper powder"";""Juniperus Communis"";""organic Juniper"";""organic Juniper berry extract""",236,3
